CompID,SiteID,DP,SubjectInDP,AnimalID,AnimalSpecies,AnimalStrain,AnimalAge,AnimalSex,AnimalWeight,MRvendor,MRfield,MRsequence,MRbrainregion,MRvoxelvolume,MRaverages,MRsoftwareversion,MRcoildetail,MRSsw,MRSnpts,MRSTE,MRSTR,MRSshimmethod,LW,SNR,SNR_LW_Ratio,CompCheck
"compMRS001","S01","DP01",1,"sub-01","Rat","Fischer-344",125,"F",201,"Bruker",7,"PRESS","Rhippocampus",30.625,256,"PV5.1","Tx:  86mm volume coil.  Rx:  4ch array, 10mm diameter elements",769293,2048,45271,3000,"FASTMAP-FASTESTMAP",6.33192636082089,86.3156418400539,13.6318139096083,"pass"
"compMRS002","S01","DP01",2,"sub-02","Rat","Fischer-344",125,"F",203,"Bruker",7,"PRESS","Rhippocampus",30.625,256,"PV5.1","Tx:  86mm volume coil.  Rx:  4ch array, 10mm diameter elements",769294,2048,45271,3000,"FASTMAP-FASTESTMAP",4.80438219425872,117.909821009284,24.5421401216139,"pass"
"compMRS003","S01","DP01",3,"sub-03","Rat","Fischer-344",125,"M",389,"Bruker",7,"PRESS","Rhippocampus",30.625,256,"PV5.1","Tx:  86mm volume coil.  Rx:  4ch array, 10mm diameter elements",769295,2048,45271,3000,"FASTMAP-FASTESTMAP",6.00787908963745,101.897587231597,16.9606587801264,"pass"
"compMRS004","S01","DP01",4,"sub-04","Rat","Fischer-344",125,"M",395,"Bruker",7,"PRESS","Rhippocampus",30.625,256,"PV5.1","Tx:  86mm volume coil.  Rx:  4ch array, 10mm diameter elements",769296,2048,45271,3000,"FASTMAP-FASTESTMAP",5.23014055620846,93.586098674552,17.8936106341273,"pass"
"compMRS005","S01","DP01",5,"sub-05","Rat","Fischer-344",120,"F",225,"Bruker",7,"PRESS","Rhippocampus",30.625,256,"PV5.1","Tx:  86mm volume coil.  Rx:  4ch array, 10mm diameter elements",769297,2048,45271,3000,"FASTMAP-FASTESTMAP",4.46842256124124,123.843628461025,27.7152902984679,"pass"
"compMRS006","S01","DP01",6,"sub-06","Rat","Fischer-344",125,"F",201,"Bruker",7,"PRESS","Rhippocampus",30.625,256,"PV5.1","Tx:  86mm volume coil.  Rx:  4ch array, 10mm diameter elements",769298,2048,45271,3000,"FASTMAP-FASTESTMAP",6.22661583832634,99.3072306192577,15.9488288980344,"pass"
"compMRS007","S01","DP01",7,"sub-07","Rat","Fischer-344",126,"M",400,"Bruker",7,"PRESS","Rhippocampus",30.625,256,"PV5.1","Tx:  86mm volume coil.  Rx:  4ch array, 10mm diameter elements",769299,2048,45271,3000,"FASTMAP-FASTESTMAP",6.00534151530412,100.863988207012,16.7957122754749,"pass"
"compMRS008","S01","DP01",8,"sub-08","Rat","Fischer-344",113,"M",354,"Bruker",7,"PRESS","Rhippocampus",30.625,256,"PV5.1","Tx:  86mm volume coil.  Rx:  4ch array, 10mm diameter elements",769300,2048,45271,3000,"FASTMAP-FASTESTMAP",4.58391608195429,104.533681194125,22.8044491489815,"pass"
"compMRS009","S02","DP02",1,"sub-01","Rat","Wistar",NaN,"M",NaN,"Varian",9.4,"SPECIAL","Lhippocampus",11.2,160,"Vnmrj2.3","",NaN,NaN,2.8,4000,"FASTMAP-FASTESTMAP",7.75422020550318,48.9825401306152,6.31688785552979,"pass"
"compMRS010","S02","DP02",2,"sub-02","Rat","Wistar",NaN,"M",NaN,"Varian",9.4,"SPECIAL","Lhippocampus",11.2,160,"Vnmrj2.3","",NaN,NaN,2.8,4000,"FASTMAP-FASTESTMAP",9.36907800579877,42.060474395752,4.48928642272949,"pass"
"compMRS011","S02","DP02",3,"sub-03","Rat","Wistar",NaN,"M",NaN,"Varian",9.4,"SPECIAL","Lhippocampus",11.2,160,"Vnmrj2.3","",NaN,NaN,2.8,4000,"FASTMAP-FASTESTMAP",12.4938838560891,36.6649589538574,2.93463253974915,"pass"
"compMRS012","S02","DP02",4,"sub-04","Rat","Wistar",NaN,"M",NaN,"Varian",9.4,"SPECIAL","Lhippocampus",11.2,160,"Vnmrj2.3","",NaN,NaN,2.8,4000,"FASTMAP-FASTESTMAP",6.8541143005265,40.9683570861816,5.97719192504883,"pass"
"compMRS013","S02","DP02",5,"sub-05","Rat","Wistar",NaN,"M",NaN,"Varian",9.4,"SPECIAL","Lhippocampus",11.2,160,"Vnmrj2.3","",NaN,NaN,2.8,4000,"FASTMAP-FASTESTMAP",7.05106201059917,48.2322807312012,6.8404278755188,"pass"
"compMRS014","S02","DP02",6,"sub-06","Rat","Wistar",NaN,"M",NaN,"Varian",9.4,"SPECIAL","Lhippocampus",11.2,160,"Vnmrj2.3","",NaN,NaN,2.8,4000,"FASTMAP-FASTESTMAP",9.57049156552212,32.3680191040039,3.38206434249878,"pass"
"compMRS015","S02","DP02",7,"sub-07","Rat","Wistar",NaN,"M",NaN,"Varian",9.4,"SPECIAL","Lhippocampus",11.2,160,"Vnmrj2.3","",NaN,NaN,2.8,4000,"FASTMAP-FASTESTMAP",7.76566977376139,34.1835403442383,4.40187931060791,"pass"
"compMRS016","S02","DP02",8,"sub-08","Rat","Wistar",NaN,"M",NaN,"Varian",9.4,"SPECIAL","Lhippocampus",11.2,160,"Vnmrj2.3","",NaN,NaN,2.8,4000,"FASTMAP-FASTESTMAP",6.48665496302913,41.0122833251953,6.32256269454956,"pass"
"compMRS017","S01","DP03",1,"sub-01","Rat","Fischer-344",125,"F",201,"Bruker",7,"PRESS","Rhippocampus",30.625,256,"PV5.1","Tx:  86mm volume coil.  Rx:  4ch array, 10mm diameter elements",769293,2048,45271,3000,"FASTMAP-FASTESTMAP",6.34945321300159,88.9631261847259,14.0111476059952,"pass"
"compMRS018","S01","DP03",2,"sub-02","Rat","Fischer-344",125,"F",203,"Bruker",7,"PRESS","Rhippocampus",30.625,256,"PV5.1","Tx:  86mm volume coil.  Rx:  4ch array, 10mm diameter elements",769294,2048,45271,3000,"FASTMAP-FASTESTMAP",4.74892138772085,110.920374725845,23.3569616487333,"pass"
"compMRS019","S01","DP03",3,"sub-03","Rat","Fischer-344",125,"M",389,"Bruker",7,"PRESS","Rhippocampus",30.625,256,"PV5.1","Tx:  86mm volume coil.  Rx:  4ch array, 10mm diameter elements",769295,2048,45271,3000,"FASTMAP-FASTESTMAP",5.96474251850499,93.1334692430618,15.6139965730499,"pass"
"compMRS020","S01","DP03",4,"sub-04","Rat","Fischer-344",125,"M",395,"Bruker",7,"PRESS","Rhippocampus",30.625,256,"PV5.1","Tx:  86mm volume coil.  Rx:  4ch array, 10mm diameter elements",769296,2048,45271,3000,"FASTMAP-FASTESTMAP",5.46295937036869,90.2669999661785,16.5234617075482,"pass"
"compMRS021","S01","DP03",5,"sub-05","Rat","Fischer-344",120,"F",225,"Bruker",7,"PRESS","Rhippocampus",30.625,256,"PV5.1","Tx:  86mm volume coil.  Rx:  4ch array, 10mm diameter elements",769297,2048,45271,3000,"FASTMAP-FASTESTMAP",4.47442793306084,124.720661353366,27.8741021688661,"pass"
"compMRS022","S01","DP03",6,"sub-06","Rat","Fischer-344",125,"F",201,"Bruker",7,"PRESS","Rhippocampus",30.625,256,"PV5.1","Tx:  86mm volume coil.  Rx:  4ch array, 10mm diameter elements",769298,2048,45271,3000,"FASTMAP-FASTESTMAP",6.22143883407384,95.8888705121544,15.4126518108618,"pass"
"compMRS023","S01","DP03",7,"sub-07","Rat","Fischer-344",126,"M",400,"Bruker",7,"PRESS","Rhippocampus",30.625,256,"PV5.1","Tx:  86mm volume coil.  Rx:  4ch array, 10mm diameter elements",769299,2048,45271,3000,"FASTMAP-FASTESTMAP",5.80740139512822,101.548458335089,17.4860409029549,"pass"
"compMRS024","S01","DP03",8,"sub-08","Rat","Fischer-344",113,"M",354,"Bruker",7,"PRESS","Rhippocampus",30.625,256,"PV5.1","Tx:  86mm volume coil.  Rx:  4ch array, 10mm diameter elements",769300,2048,45271,3000,"FASTMAP-FASTESTMAP",4.62084388921384,113.430179363793,24.5475030283032,"pass"
"compMRS025","S03","DP04",1,"sub-01","Mouse","C57BL-6J",93,"M",28,"Bruker",9.4,"PRESS","Lhippocampus",6.6,512,"PV6.0.1","Tx: 86mm volume coil. Rx: 4ch array",4401.4,2048,8.26,2500,"MAPSHIM",60.7180684777979,41.6074168193827,0.68525593554737,"pass"
"compMRS026","S03","DP04",2,"sub-02","Mouse","C57BL-6J",100,"F",25,"Bruker",9.4,"PRESS","Lhippocampus",6.6,512,"PV6.0.1","Tx: 86mm volume coil. Rx: 4ch array",4401.4,2048,8.26,2500,"MAPSHIM",26.4413461535053,81.7645169689547,3.09229781624092,"pass"
"compMRS027","S03","DP04",3,"sub-03","Mouse","C57BL-6J",101,"M",34,"Bruker",9.4,"PRESS","Lhippocampus",6.6,512,"PV6.0.1","Tx: 86mm volume coil. Rx: 4ch array",4401.4,2048,8.26,2500,"MAPSHIM",25.2243800168994,89.0022889271147,3.52842325034298,"pass"
"compMRS028","S03","DP04",4,"sub-04","Mouse","C57BL-6J",93,"M",28,"Bruker",9.4,"PRESS","Lhippocampus",6.6,512,"PV6.0.1","Tx: 86mm volume coil. Rx: 4ch array",4401.4,2048,8.26,2500,"MAPSHIM",11.272191325888,108.565578424149,9.6312753470405,"pass"
"compMRS029","S03","DP04",5,"sub-05","Mouse","C57BL-6J",109,"F",23,"Bruker",9.4,"PRESS","Lhippocampus",6.6,512,"PV6.0.1","Tx: 86mm volume coil. Rx: 4ch array",4401.4,2048,8.26,2500,"MAPSHIM",15.1510233253741,95.2799720787356,6.28868229112722,"pass"
"compMRS030","S03","DP04",6,"sub-06","Mouse","C57BL-6J",110,"F",21,"Bruker",9.4,"PRESS","Lhippocampus",6.6,512,"PV6.0.1","Tx: 86mm volume coil. Rx: 4ch array",4401.4,2048,8.26,2500,"MAPSHIM",16.4887444386007,92.9560633315392,5.63754648983012,"pass"
"compMRS031","S03","DP04",7,"sub-07","Mouse","C57BL-6J",109,"F",22,"Bruker",9.4,"PRESS","Lhippocampus",6.6,512,"PV6.0.1","Tx: 86mm volume coil. Rx: 4ch array",4401.4,2048,8.26,2500,"MAPSHIM",12.9622529352317,75.7716745720915,5.84556364936702,"pass"
"compMRS032","S03","DP04",8,"sub-08","Mouse","C57BL-6J",109,"F",20,"Bruker",9.4,"PRESS","Lhippocampus",6.6,512,"PV6.0.1","Tx: 86mm volume coil. Rx: 4ch array",4401.4,2048,8.26,2500,"MAPSHIM",24.6189734806697,56.0387520392395,2.27624243079184,"pass"
"compMRS033","S04","DP05",1,"sub-01","Mouse","C57BL-6J",93,"F",24.5,"Bruker",7,"PRESS","Rhippocampus",5.28,256,"PV7.0.0","",4006.4,2048,20,4000,"MAPSHIM",15.2545280867317,55.4507145091297,3.6350330992776,"pass"
"compMRS034","S04","DP05",2,"sub-02","Mouse","C57BL-6J",93,"M",28.2,"Bruker",7,"PRESS","Rhippocampus",5.28,256,"PV7.0.0","",4006.4,2048,20,4000,"MAPSHIM",NaN,NaN,NaN,"fail"
"compMRS035","S04","DP05",3,"sub-03","Mouse","C57BL-6J",99,"M",27.5,"Bruker",7,"PRESS","Rhippocampus",5.28,256,"PV7.0.0","",4006.4,2048,20,4000,"MAPSHIM",11.2145773798405,56.0427076703648,4.99730892856542,"pass"
"compMRS036","S04","DP05",4,"sub-04","Mouse","C57BL-6J",99,"M",27.1,"Bruker",7,"PRESS","Rhippocampus",5.28,256,"PV7.0.0","",4006.4,2048,20,4000,"MAPSHIM",11.0337033743646,59.2617812361813,5.3709782858463,"pass"
"compMRS037","S04","DP05",5,"sub-05","Mouse","C57BL-6J",122,"F",24.1,"Bruker",7,"PRESS","Rhippocampus",5.28,256,"PV7.0.0","",4006.4,2048,20,4000,"MAPSHIM",8.49633680022343,62.3454340493797,7.33791933103925,"pass"
"compMRS038","S04","DP05",6,"sub-06","Mouse","C57BL-6J",122,"M",30.4,"Bruker",7,"PRESS","Rhippocampus",5.28,256,"PV7.0.0","",4006.4,2048,20,4000,"MAPSHIM",8.65214286127475,61.5294507293708,7.11146957648657,"pass"
"compMRS039","S04","DP05",7,"sub-07","Mouse","C57BL-6J",65,"M",24.1,"Bruker",7,"PRESS","Rhippocampus",5.28,256,"PV7.0.0","",4006.4,2048,20,4000,"MAPSHIM",11.1119448680322,54.5114703684127,4.90566422132242,"pass"
"compMRS040","S04","DP05",8,"sub-08","Mouse","C57BL-6J",65,"M",25,"Bruker",7,"PRESS","Rhippocampus",5.28,256,"PV7.0.0","",4006.4,2048,20,4000,"MAPSHIM",10.2031262229092,56.1218053507144,5.50045193253645,"pass"
"compMRS041","S05","DP06",1,"sub-01","Mouse","C57BL-6J",144,"M",27.7,"Bruker",7,"sLASER","Rhippocampus",3.906,256,"PV360 v3.5","",6060.6,2048,20.7,4000,"MAPSHIM",8.6149873257391,122.328408918505,14.1994879728985,"pass"
"compMRS042","S05","DP06",2,"sub-02","Mouse","C57BL-6J",144,"M",27.2,"Bruker",7,"sLASER","Rhippocampus",3.906,256,"PV360 v3.5","",6060.6,2048,20.7,4000,"MAPSHIM",12.4254415376784,103.565707817769,8.33497204133312,"pass"
"compMRS043","S05","DP06",3,"sub-03","Mouse","C57BL-6J",146,"M",29.5,"Bruker",7,"sLASER","Rhippocampus",3.906,256,"PV360 v3.5","",6060.6,2048,20.7,4000,"MAPSHIM",7.83617674444906,114.848718387545,14.656218476555,"pass"
"compMRS044","S05","DP06",4,"sub-04","Mouse","C57BL-6J",146,"M",29,"Bruker",7,"sLASER","Rhippocampus",3.906,256,"PV360 v3.5","",6060.6,2048,20.7,4000,"MAPSHIM",8.5568775007001,109.193951421692,12.7609576522227,"pass"
"compMRS045","S05","DP06",5,"sub-05","Mouse","C57BL-6J",146,"M",30,"Bruker",7,"sLASER","Rhippocampus",3.906,256,"PV360 v3.5","",6060.6,2048,20.7,4000,"MAPSHIM",6.39777180487016,120.952732886533,18.9054465485093,"pass"
"compMRS046","S05","DP06",6,"sub-06","Mouse","C57BL-6J",147,"M",29.5,"Bruker",7,"sLASER","Rhippocampus",3.906,256,"PV360 v3.5","",6060.6,2048,20.7,4000,"MAPSHIM",15.969099310626,88.4176271442979,5.5367948701693,"pass"
"compMRS047","S05","DP06",7,"sub-07","Mouse","C57BL-6J",93,"M",20,"Bruker",7,"sLASER","Rhippocampus",3.906,256,"PV360 v3.5","",6060.6,2048,20.7,4000,"MAPSHIM",9.09451888929477,104.424079513535,11.4820894634079,"pass"
"compMRS048","S05","DP06",8,"sub-08","Mouse","C57BL-6J",93,"M",22.8,"Bruker",7,"sLASER","Rhippocampus",3.906,256,"PV360 v3.5","",6060.6,2048,20.7,4000,"MAPSHIM",7.89703508448256,130.259814668257,16.4947747192125,"pass"
"compMRS049","S05","DP07",1,"sub-01","Mouse","C57BL-6J",144,"M",27.7,"Bruker",7,"sLASER","Rstriatum",2.366,256,"PV360 v3.5","",6060.6,2048,20.7,4000,"MAPSHIM",32.9993357662807,8.60769359864361,0.260844450312818,"pass"
"compMRS050","S05","DP07",2,"sub-02","Mouse","C57BL-6J",144,"M",27.2,"Bruker",7,"sLASER","Rstriatum",2.366,256,"PV360 v3.5","",6060.6,2048,20.7,4000,"MAPSHIM",10.5116952901117,52.8026485751769,5.0232286151643,"pass"
"compMRS051","S05","DP07",3,"sub-03","Mouse","C57BL-6J",146,"M",29.5,"Bruker",7,"sLASER","Rstriatum",2.366,256,"PV360 v3.5","",6060.6,2048,20.7,4000,"MAPSHIM",9.40509824699252,47.6691791106454,5.06844031383603,"pass"
"compMRS052","S05","DP07",4,"sub-04","Mouse","C57BL-6J",146,"M",29,"Bruker",7,"sLASER","Rstriatum",2.366,256,"PV360 v3.5","",6060.6,2048,20.7,4000,"MAPSHIM",9.01666143771868,46.1455785479904,5.11781204903106,"pass"
"compMRS053","S05","DP07",5,"sub-05","Mouse","C57BL-6J",146,"M",30,"Bruker",7,"sLASER","Rstriatum",2.366,256,"PV360 v3.5","",6060.6,2048,20.7,4000,"MAPSHIM",17.0975310507491,39.7805887690988,2.32668615433548,"pass"
"compMRS054","S05","DP07",6,"sub-06","Mouse","C57BL-6J",147,"M",29.5,"Bruker",7,"sLASER","Rstriatum",2.366,256,"PV360 v3.5","",6060.6,2048,20.7,4000,"MAPSHIM",37.7161263761934,32.0735453822704,0.8503934116234,"pass"
"compMRS055","S05","DP07",7,"sub-07","Mouse","C57BL-6J",100,"M",20,"Bruker",7,"sLASER","Rstriatum",2.366,256,"PV360 v3.5","",6060.6,2048,20.7,4000,"MAPSHIM",15.2560710396399,32.0178922178412,2.09869842206745,"pass"
"compMRS056","S05","DP07",8,"sub-08","Mouse","C57BL-6J",100,"M",22.8,"Bruker",7,"sLASER","Rstriatum",2.366,256,"PV360 v3.5","",6060.6,2048,20.7,4000,"MAPSHIM",14.6547865463322,42.9693528587394,2.93210363200368,"pass"
"compMRS057","S05","DP08",1,"sub-01","Rat","Wistar",104,"M",505,"Bruker",7,"sLASER","Rhippocampus",15.732,256,"PV360 v3.3","Rx: 4ch array",6060.6,2048,20.7,4000,"MAPSHIM",14.1018036875352,53.009295629726,3.75904365174092,"pass"
"compMRS058","S05","DP08",2,"sub-02","Rat","Wistar",104,"M",570,"Bruker",7,"sLASER","Rhippocampus",17.1,256,"PV360 v3.3","Rx: 4ch array",6060.6,2048,20.7,4000,"MAPSHIM",8.58728246171883,51.259347107474,5.96921637735599,"pass"
"compMRS059","S05","DP08",3,"sub-03","Rat","Wistar",100,"M",548,"Bruker",7,"sLASER","Rhippocampus",15.732,256,"PV360 v3.3","Rx: 4ch array",6060.6,2048,20.7,4000,"MAPSHIM",19.2978922277592,37.9847279042787,1.96833558069307,"pass"
"compMRS060","S05","DP08",4,"sub-04","Rat","Wistar",100,"M",549,"Bruker",7,"sLASER","Rhippocampus",15.732,256,"PV360 v3.3","Rx: 4ch array",6060.6,2048,20.7,4000,"MAPSHIM",13.6299732740559,54.9983340966116,4.03510212314933,"pass"
"compMRS061","S05","DP08",5,"sub-05","Rat","Wistar",102,"M",511,"Bruker",7,"sLASER","Rhippocampus",17.1,256,"PV360 v3.3","Rx: 4ch array",6060.6,2048,20.7,4000,"MAPSHIM",15.8410106975461,65.6040047354246,4.14140271653167,"pass"
"compMRS062","S05","DP08",6,"sub-06","Rat","Wistar",104,"M",488,"Bruker",7,"sLASER","Rhippocampus",17.1,256,"PV360 v3.3","Rx: 4ch array",6060.6,2048,20.7,4000,"MAPSHIM",6.54282610209524,130.957342276526,20.0154092792698,"pass"
"compMRS063","S05","DP08",7,"sub-07","Rat","Wistar",94,"M",488,"Bruker",7,"sLASER","Rhippocampus",17.1,256,"PV360 v3.3","Rx: 4ch array",6060.6,2048,20.7,4000,"MAPSHIM",6.14250958179443,99.6940582737303,16.2301835994217,"pass"
"compMRS064","S05","DP08",8,"sub-08","Rat","Wistar",97,"M",518,"Bruker",7,"sLASER","Rhippocampus",17.1,256,"PV360 v3.3","Rx: 4ch array",6060.6,2048,20.7,4000,"MAPSHIM",4.24066342173859,131.270946032331,30.955285288478,"pass"
"compMRS065","S03","DP09",1,"sub-01","Rat","Fischer-344",558,"M",500,"Bruker",9.4,"PRESS","Rhippocampus",12,256,"PV7.0.0","Tx: 86mm volume coil. Rx: 4ch array",4401.4,2048,8.61,2500,"MAPSHIM",11.600006881707,54.5388795378594,4.70162475712545,"pass"
"compMRS066","S03","DP09",2,"sub-02","Rat","Fischer-344",547,"M",505,"Bruker",9.4,"PRESS","Rhippocampus",12,256,"PV7.0.0","Tx: 86mm volume coil. Rx: 4ch array",4401.4,2048,8.61,2500,"MAPSHIM",9.21777873097951,61.6800493999764,6.69142221787983,"pass"
"compMRS067","S03","DP09",3,"sub-03","Rat","Fischer-344",539,"F",325,"Bruker",9.4,"PRESS","Rhippocampus",12,256,"PV7.0.0","Tx: 86mm volume coil. Rx: 4ch array",4401.4,2048,8.61,2500,"MAPSHIM",8.93589645328112,52.697585334067,5.89729140322763,"pass"
"compMRS068","S03","DP09",4,"sub-04","Rat","Fischer-344",531,"F",307,"Bruker",9.4,"PRESS","Rhippocampus",12,256,"PV7.0.0","Tx: 86mm volume coil. Rx: 4ch array",4401.4,2048,8.61,2500,"MAPSHIM",28.2253433376908,35.7461579206211,1.26645608852125,"pass"
"compMRS069","S03","DP09",5,"sub-05","Rat","Fischer-344",532,"F",305,"Bruker",9.4,"PRESS","Rhippocampus",12,256,"PV7.0.0","Tx: 86mm volume coil. Rx: 4ch array",4401.4,2048,8.61,2500,"MAPSHIM",11.9268273578077,50.0959040156236,4.20027074365499,"pass"
"compMRS070","S03","DP09",6,"sub-06","Rat","Fischer-344",532,"F",308,"Bruker",9.4,"PRESS","Rhippocampus",12,256,"PV7.0.0","Tx: 86mm volume coil. Rx: 4ch array",4401.4,2048,8.61,2500,"MAPSHIM",59.4233221534025,24.4481806603381,0.411423996073875,"pass"
"compMRS071","S03","DP09",7,"sub-07","Rat","Fischer-344",561,"M",518,"Bruker",9.4,"PRESS","Rhippocampus",12,256,"PV7.0.0","Tx: 86mm volume coil. Rx: 4ch array",4401.4,2048,8.61,2500,"MAPSHIM",9.69961169478674,45.331288977655,4.67351584827043,"pass"
"compMRS072","S03","DP09",8,"sub-08","Rat","Fischer-344",561,"M",514,"Bruker",9.4,"PRESS","Rhippocampus",12,256,"PV7.0.0","Tx: 86mm volume coil. Rx: 4ch array",4401.4,2048,8.61,2500,"MAPSHIM",30.7131986623647,22.2351142608196,0.723959575336127,"pass"
"compMRS073","S06","DP10",1,"sub-01","Mouse","C57BL-6J",159,"F",NaN,"Bruker",9.4,"PRESS","Rhippocampus",4,256,"PV360 v3.5","",6060.6,2048,16.5,2500,"MAPSHIM",20.5897153869844,37.2053012151033,1.80698472590944,"pass"
"compMRS074","S06","DP10",2,"sub-02","Mouse","C57BL-6J",159,"F",NaN,"Bruker",9.4,"PRESS","Rhippocampus",4,256,"PV360 v3.5","",6060.6,2048,16.5,2500,"MAPSHIM",17.3034161850519,33.5657394457381,1.93983309924284,"pass"
"compMRS075","S06","DP10",3,"sub-03","Mouse","C57BL-6J",159,"F",NaN,"Bruker",9.4,"PRESS","Rhippocampus",4,256,"PV360 v3.5","",6060.6,2048,16.5,2500,"MAPSHIM",14.2685042073937,42.2370259474269,2.96015793481284,"pass"
"compMRS076","S06","DP10",4,"sub-04","Mouse","C57BL-6J",159,"F",NaN,"Bruker",9.4,"PRESS","Rhippocampus",4,256,"PV360 v3.5","",6060.6,2048,16.5,2500,"MAPSHIM",24.4648889307279,31.5963307858504,1.29149700516994,"pass"
"compMRS077","S06","DP10",5,"sub-05","Mouse","C57BL-6J",160,"F",NaN,"Bruker",9.4,"PRESS","Rhippocampus",4,256,"PV360 v3.5","",6060.6,2048,16.5,2500,"MAPSHIM",8.88322864510838,54.7427902204954,6.16248803306892,"pass"
"compMRS078","S06","DP10",6,"sub-06","Mouse","C57BL-6J",160,"F",NaN,"Bruker",9.4,"PRESS","Rhippocampus",4,256,"PV360 v3.5","",6060.6,2048,16.5,2500,"MAPSHIM",24.4813066167252,31.4739248779142,1.28563092528778,"pass"
"compMRS079","S06","DP10",7,"sub-07","Mouse","C57BL-6J",160,"F",NaN,"Bruker",9.4,"PRESS","Rhippocampus",4,256,"PV360 v3.5","",6060.6,2048,16.5,2500,"MAPSHIM",27.3224645243838,32.5640107090243,1.19184016800398,"pass"
"compMRS080","S06","DP10",8,"sub-08","Mouse","C57BL-6J",160,"F",NaN,"Bruker",9.4,"PRESS","Rhippocampus",4,256,"PV360 v3.5","",6060.6,2048,16.5,2500,"MAPSHIM",20.1407200158129,34.4307706257968,1.70951041466067,"pass"
"compMRS081","S07","DP11",1,"sub-01","Rat","Sprague Dawley",193,"",407,"Varian",9.4,"SPECIAL","Lhippocampus",22.5,320,"VNMRJ 1.1D","",5000,2048,3,4000,"FASTMAP-FASTESTMAP",10.9062779138284,84.8727575513509,7.78200942814211,"pass"
"compMRS082","S07","DP11",2,"sub-02","Rat","Sprague Dawley",175,"",409,"Varian",9.4,"SPECIAL","Lhippocampus",22.5,320,"VNMRJ 1.1D","",5000,2048,3,4000,"FASTMAP-FASTESTMAP",12.234339195778,79.6178258985214,6.50773406102696,"pass"
"compMRS083","S07","DP11",3,"sub-03","Rat","Sprague Dawley",165,"",523,"Varian",9.4,"SPECIAL","Lhippocampus",22.5,320,"VNMRJ 1.1D","",5000,2048,3,4000,"FASTMAP-FASTESTMAP",9.78827381083143,67.6679931213864,6.91316920931522,"pass"
"compMRS084","S07","DP11",4,"sub-04","Rat","Sprague Dawley",202,"",473,"Varian",9.4,"SPECIAL","Lhippocampus",22.5,320,"VNMRJ 1.1D","",5000,2048,3,4000,"FASTMAP-FASTESTMAP",11.957808889312,123.733555024058,10.3475106659926,"pass"
"compMRS085","S07","DP11",5,"sub-05","Rat","Sprague Dawley",224,"",428,"Varian",9.4,"SPECIAL","Lhippocampus",22.5,320,"VNMRJ 1.1D","",5000,2048,3,4000,"FASTMAP-FASTESTMAP",12.6708418876392,124.374077939678,9.81577065222547,"pass"
"compMRS086","S07","DP11",6,"sub-06","Rat","Sprague Dawley",234,"",500,"Varian",9.4,"SPECIAL","Lhippocampus",22.5,320,"VNMRJ 1.1D","",5000,2048,3,4000,"FASTMAP-FASTESTMAP",9.99607963676911,166.99274040437,16.7058233299895,"pass"
"compMRS087","S07","DP11",7,"sub-07","Rat","Sprague Dawley",185,"",487,"Varian",9.4,"SPECIAL","Lhippocampus",22.5,320,"VNMRJ 1.1D","",5000,2048,3,4000,"FASTMAP-FASTESTMAP",14.1727921482354,113.580924130296,8.01401184342052,"pass"
"compMRS088","S07","DP11",8,"sub-08","Rat","Sprague Dawley",242,"",478,"Varian",9.4,"SPECIAL","Lhippocampus",22.5,320,"VNMRJ 1.1D","",5000,2048,3,4000,"FASTMAP-FASTESTMAP",21.7518310733845,120.762104191111,5.55181326039608,"pass"
"compMRS089","S07","DP12",1,"sub-01","Mouse","C57BL-6",NaN,"",46,"Varian",9.4,"SPECIAL","Lhippocampus",5.808,480,"VNMRJ 1.1D","",4159.733777,2048,3,4000,"FASTMAP-FASTESTMAP",22.655883438073,56.0719047044572,2.47493790554329,"pass"
"compMRS090","S07","DP12",2,"sub-02","Mouse","C57BL-6",NaN,"",47,"Varian",9.4,"SPECIAL","Lhippocampus",5.808,480,"VNMRJ 1.1D","",4159.733777,2048,3,4000,"FASTMAP-FASTESTMAP",15.1682569695698,85.2789407219096,5.62219778402977,"pass"
"compMRS091","S07","DP12",3,"sub-03","Mouse","C57BL-6",NaN,"",45,"Varian",9.4,"SPECIAL","Lhippocampus",5.808,480,"VNMRJ 1.1D","",4159.733777,2048,3,4000,"FASTMAP-FASTESTMAP",13.2279885228047,89.7079111433193,6.78167440111284,"pass"
"compMRS092","S07","DP12",4,"sub-04","Mouse","C57BL-6",NaN,"",35,"Varian",9.4,"SPECIAL","Lhippocampus",5.808,480,"VNMRJ 1.1D","",4159.733777,2048,3,4000,"FASTMAP-FASTESTMAP",11.9224952324457,101.086786993483,8.47866029909472,"pass"
"compMRS093","S07","DP12",5,"sub-05","Mouse","C57BL-6",NaN,"",49,"Varian",9.4,"SPECIAL","Lhippocampus",5.808,480,"VNMRJ 1.1D","",4159.733777,2048,3,4000,"FASTMAP-FASTESTMAP",15.9111577519451,86.9351609926272,5.46378600149319,"pass"
"compMRS094","S07","DP12",6,"sub-06","Mouse","C57BL-6",NaN,"",50,"Varian",9.4,"SPECIAL","Lhippocampus",5.808,480,"VNMRJ 1.1D","",4159.733777,2048,3,4000,"FASTMAP-FASTESTMAP",12.7560084842535,74.3340676503043,5.8273767802887,"pass"
"compMRS095","S07","DP12",7,"sub-07","Mouse","C57BL-6",NaN,"",34,"Varian",9.4,"SPECIAL","Lhippocampus",5.808,480,"VNMRJ 1.1D","",4159.733777,2048,3,4000,"FASTMAP-FASTESTMAP",19.8300613439719,58.039053416096,2.92682167792381,"pass"
"compMRS096","S07","DP12",8,"sub-08","Mouse","C57BL-6",NaN,"",43,"Varian",9.4,"SPECIAL","Lhippocampus",5.808,480,"VNMRJ 1.1D","",4159.733777,2048,3,4000,"FASTMAP-FASTESTMAP",24.6928933611211,61.9848486715336,2.51023028225314,"pass"
"compMRS097","S07","DP13",1,"sub-01","Mouse","C57BL-6",201,"",30,"Varian",9.4,"SPECIAL","Lhippocampus",5.28,480,"VNMRJ 1.1D","",4159.733777,2048,3,4000,"FASTMAP-FASTESTMAP",11.8575725685122,64.9701821391283,5.4792143808301,"pass"
"compMRS098","S07","DP13",2,"sub-02","Mouse","C57BL-6",201,"",31,"Varian",9.4,"SPECIAL","Lhippocampus",5.28,480,"VNMRJ 1.1D","",4159.733777,2048,3,4000,"FASTMAP-FASTESTMAP",16.9861804949273,77.3414605553358,4.55319903014293,"pass"
"compMRS099","S07","DP13",3,"sub-03","Mouse","C57BL-6",201,"",33,"Varian",9.4,"SPECIAL","Lhippocampus",5.28,480,"VNMRJ 1.1D","",4159.733777,2048,3,4000,"FASTMAP-FASTESTMAP",14.8787815689997,72.1188293027596,4.84709241602288,"pass"
"compMRS100","S07","DP13",4,"sub-04","Mouse","C57BL-6",201,"",33,"Varian",9.4,"SPECIAL","Lhippocampus",5.28,480,"VNMRJ 1.1D","",4159.733777,2048,3,4000,"FASTMAP-FASTESTMAP",21.5482220079501,55.07781467372,2.55602595209012,"pass"
"compMRS101","S07","DP13",5,"sub-05","Mouse","C57BL-6",201,"",32,"Varian",9.4,"SPECIAL","Lhippocampus",5.28,480,"VNMRJ 1.1D","",4159.733777,2048,3,4000,"FASTMAP-FASTESTMAP",13.2399602626006,50.3820891435387,3.80530516287537,"pass"
"compMRS102","S07","DP13",6,"sub-06","Mouse","C57BL-6",201,"",35,"Varian",9.4,"SPECIAL","Lhippocampus",5.28,480,"VNMRJ 1.1D","",4159.733777,2048,3,4000,"FASTMAP-FASTESTMAP",19.2359751936097,54.4989826216653,2.83318012594288,"pass"
"compMRS103","S07","DP13",7,"sub-07","Mouse","C57BL-6",201,"",37,"Varian",9.4,"SPECIAL","Lhippocampus",5.28,480,"VNMRJ 1.1D","",4159.733777,2048,3,4000,"FASTMAP-FASTESTMAP",16.2377408285566,58.0535813678043,3.57522527183757,"pass"
"compMRS104","S07","DP13",8,"sub-08","Mouse","C57BL-6",201,"",34,"Varian",9.4,"SPECIAL","Lhippocampus",5.28,480,"VNMRJ 1.1D","",4159.733777,2048,3,4000,"FASTMAP-FASTESTMAP",12.421579126088,78.0740409682719,6.28535552330054,"pass"
"compMRS105","S08","DP14",1,"sub-01","Mouse","C57BL-6",153,"M",33.1,"Bruker",7,"STEAM","Lstriatum",8,256,"PV6.0","",3301.06,2048,3,2500,"MAPSHIM",45.0205194604239,30.8514089587843,0.685274388846287,"pass"
"compMRS106","S08","DP14",2,"sub-02","Mouse","C57BL-6",154,"M",34.1,"Bruker",7,"STEAM","Lstriatum",8,256,"PV6.0","",3301.06,2048,3,2500,"MAPSHIM",46.8217009168412,33.8131895370047,0.722169183837627,"pass"
"compMRS107","S08","DP14",3,"sub-03","Mouse","C57BL-6",155,"M",35.8,"Bruker",7,"STEAM","Lstriatum",8,256,"PV6.0","",3301.06,2048,3,2500,"MAPSHIM",43.1176732932931,34.347890859514,0.796608170989987,"pass"
"compMRS108","S08","DP14",4,"sub-04","Mouse","C57BL-6",155,"M",31.7,"Bruker",7,"STEAM","Lstriatum",8,256,"PV6.0","",3301.06,2048,3,2500,"MAPSHIM",27.1034045001741,48.9915797656065,1.80758028997028,"pass"
"compMRS109","S08","DP14",5,"sub-05","Mouse","C57BL-6",155,"M",31,"Bruker",7,"STEAM","Lstriatum",8,256,"PV6.0","",3301.06,2048,3,2500,"MAPSHIM",32.7812976328456,44.0720572195832,1.34442686537902,"pass"
"compMRS110","S08","DP14",6,"sub-06","Mouse","C57BL-6",156,"M",34.8,"Bruker",7,"STEAM","Lstriatum",8,256,"PV6.0","",3301.06,2048,3,2500,"MAPSHIM",39.8897763220711,41.0895917560131,1.03007826928521,"pass"
"compMRS111","S08","DP14",7,"sub-07","Mouse","C57BL-6",156,"M",31.8,"Bruker",7,"STEAM","Lstriatum",8,256,"PV6.0","",3301.06,2048,3,2500,"MAPSHIM",56.9340710748689,18.2549449483246,0.32063305159259,"pass"
"compMRS112","S08","DP14",8,"sub-08","Mouse","C57BL-6",159,"M",32.7,"Bruker",7,"STEAM","Lstriatum",8,256,"PV6.0","",3301.06,2048,3,2500,"MAPSHIM",17.800363306435,41.217476102337,2.31554128378023,"pass"
"compMRS113","S09","DP15",1,"sub-01","Mouse","C57BL-6",137,"M",25.6,"Bruker",7,"sLASER","Rhippocampus",9.152,512,"PV6.01","Tx: 86mm volume coil. Rx: 4ch array",3004.8,2048,32,4000,"MAPSHIM",14.435175843726,47.1192630771757,3.26419737364372,"pass"
"compMRS114","S09","DP15",2,"sub-02","Mouse","C57BL-6",142,"M",29.2,"Bruker",7,"sLASER","Rhippocampus",9.152,512,"PV6.01","Tx: 86mm volume coil. Rx: 4ch array",3004.8,2048,32,4000,"MAPSHIM",12.3545100304837,40.072556522081,3.24355692157807,"pass"
"compMRS115","S09","DP15",3,"sub-03","Mouse","C57BL-6",142,"M",29.2,"Bruker",7,"sLASER","Rhippocampus",9.152,512,"PV6.01","Tx: 86mm volume coil. Rx: 4ch array",3004.8,2048,32,4000,"MAPSHIM",17.524307852374,19.0201117464394,1.08535594710309,"pass"
"compMRS116","S09","DP15",4,"sub-04","Mouse","C57BL-6",56,"M",34.5,"Bruker",7,"sLASER","Rhippocampus",9.152,512,"PV6.01","Tx: 86mm volume coil. Rx: 4ch array",3004.8,2048,32,4000,"MAPSHIM",12.6609568227159,37.9647359030066,2.9985676781467,"pass"
"compMRS117","S09","DP15",5,"sub-05","Mouse","C57BL-6",144,"M",29.1,"Bruker",7,"sLASER","Rhippocampus",9.152,512,"PV6.01","Tx: 86mm volume coil. Rx: 4ch array",3004.8,2048,32,4000,"MAPSHIM",10.6752713146809,40.6526029707262,3.80810958076726,"pass"
"compMRS118","S09","DP15",6,"sub-06","Mouse","C57BL-6",144,"M",33,"Bruker",7,"sLASER","Rhippocampus",9.152,512,"PV6.01","Tx: 86mm volume coil. Rx: 4ch array",3004.8,2048,32,4000,"MAPSHIM",13.9136253986718,27.7713200330029,1.9959801444456,"pass"
"compMRS119","S09","DP15",7,"sub-07","Mouse","C57BL-6",147,"M",33.6,"Bruker",7,"sLASER","Rhippocampus",9.152,512,"PV6.01","Tx: 86mm volume coil. Rx: 4ch array",3004.8,2048,32,4000,"MAPSHIM",14.0018141987515,24.9925037646663,1.78494753679097,"pass"
"compMRS120","S09","DP15",8,"sub-08","Mouse","C57BL-6",147,"M",33.5,"Bruker",7,"sLASER","Rhippocampus",9.152,512,"PV6.01","Tx: 86mm volume coil. Rx: 4ch array",3004.8,2048,32,4000,"MAPSHIM",11.6984163530496,28.5200515667966,2.43794123119596,"pass"
"compMRS121","S09","DP16",1,"sub-01","Mouse","C57BL-6",261,"M",31.7,"Bruker",7,"sLASER","Rhippocampus",9.152,512,"PV7.0","",3004.8,2048,32,4000,"MAPSHIM",13.1189146716895,18.7463364718839,1.42895482904073,"pass"
"compMRS122","S09","DP16",2,"sub-02","Mouse","C57BL-6",262,"M",40.9,"Bruker",7,"sLASER","Rhippocampus",9.152,512,"PV7.0","",3004.8,2048,32,4000,"MAPSHIM",NaN,NaN,NaN,"fail"
"compMRS123","S09","DP16",3,"sub-03","Mouse","C57BL-6",210,"M",39,"Bruker",7,"sLASER","Rhippocampus",9.152,512,"PV7.0","",3004.8,2048,32,4000,"MAPSHIM",12.7765763250048,13.8081018635072,1.08073567693433,"pass"
"compMRS124","S09","DP16",4,"sub-04","Mouse","C57BL-6",157,"M",36.3,"Bruker",7,"sLASER","Rhippocampus",9.152,512,"PV7.0","",3004.8,2048,32,4000,"MAPSHIM",12.0700423783584,20.8875880904426,1.73053146258162,"pass"
"compMRS125","S09","DP16",5,"sub-05","Mouse","C57BL-6",84,"M",32,"Bruker",7,"sLASER","Rhippocampus",9.152,512,"PV7.0","",3004.8,2048,32,4000,"MAPSHIM",9.94889433023778,19.1849909696983,1.92835407964774,"pass"
"compMRS126","S09","DP16",6,"sub-06","Mouse","C57BL-6",158,"M",30,"Bruker",7,"sLASER","Rhippocampus",9.152,512,"PV7.0","",3004.8,2048,32,4000,"MAPSHIM",10.6823335493383,17.2062778805508,1.61072276961589,"pass"
"compMRS127","S09","DP16",7,"sub-07","Mouse","C57BL-6",158,"M",33.3,"Bruker",7,"sLASER","Rhippocampus",9.152,512,"PV7.0","",3004.8,2048,32,4000,"MAPSHIM",12.8234968505201,16.9194806562505,1.31941239222625,"pass"
"compMRS128","S09","DP16",8,"sub-08","Mouse","C57BL-6",158,"M",33.6,"Bruker",7,"sLASER","Rhippocampus",9.152,512,"PV7.0","",3004.8,2048,32,4000,"MAPSHIM",12.7102795227066,21.4163004993313,1.68495904917525,"pass"
"compMRS129","S10","DP17",1,"sub-01","Mouse","BALB-c",70,"F",23,"Bruker",15.2,"PRESS","Lhippocampus",1.44,128,"PV7.0.0","Tx: 44mm volume coil. Rx: 4ch array, 11.5mm curved elements",7142.86,4096,16.5,4000,"MAPSHIM",NaN,NaN,NaN,"pass"
"compMRS130","S10","DP17",2,"sub-02","Mouse","BALB-c",68,"F",22,"Bruker",15.2,"PRESS","Rhippocampus",1.44,128,"PV7.0.0","Tx: 44mm volume coil. Rx: 4ch array, 11.5mm curved elements",7142.86,4096,16.5,4000,"MAPSHIM",NaN,NaN,NaN,"pass"
"compMRS131","S10","DP17",3,"sub-03","Mouse","BALB-c",68,"F",21,"Bruker",15.2,"PRESS","Rhippocampus",1.44,128,"PV7.0.0","Tx: 44mm volume coil. Rx: 4ch array, 11.5mm curved elements",7142.86,4096,16.5,4000,"MAPSHIM",NaN,NaN,NaN,"pass"
"compMRS132","S10","DP17",4,"sub-04","Mouse","BALB-c",146,"F",26,"Bruker",15.2,"PRESS","Rhippocampus",1.44,128,"PV7.0.0","Tx: 44mm volume coil. Rx: 4ch array, 11.5mm curved elements",7142.86,4096,16.5,4000,"MAPSHIM",NaN,NaN,NaN,"pass"
"compMRS133","S10","DP17",5,"sub-05","Mouse","BALB-c",76,"F",20,"Bruker",15.2,"PRESS","Rhippocampus",1.44,128,"PV7.0.0","Tx: 44mm volume coil. Rx: 4ch array, 11.5mm curved elements",7142.86,4096,16.5,4000,"MAPSHIM",NaN,NaN,NaN,"pass"
"compMRS134","S10","DP17",6,"sub-06","Mouse","BALB-c",76,"F",20,"Bruker",15.2,"PRESS","Rhippocampus",1.44,128,"PV7.0.0","Tx: 44mm volume coil. Rx: 4ch array, 11.5mm curved elements",7142.86,4096,16.5,4000,"MAPSHIM",NaN,NaN,NaN,"pass"
"compMRS135","S10","DP17",7,"sub-07","Mouse","BALB-c",76,"F",22,"Bruker",15.2,"PRESS","Rhippocampus",1.44,128,"PV7.0.0","Tx: 44mm volume coil. Rx: 4ch array, 11.5mm curved elements",7142.86,4096,16.5,4000,"MAPSHIM",NaN,NaN,NaN,"pass"
"compMRS136","S10","DP17",8,"sub-08","Mouse","BALB-c",68,"F",24,"Bruker",15.2,"PRESS","Rhippocampus",1.44,128,"PV7.0.0","Tx: 44mm volume coil. Rx: 4ch array, 11.5mm curved elements",7142.86,4096,16.5,4000,"MAPSHIM",NaN,NaN,NaN,"pass"
"compMRS137","S11","DP18",1,"sub-01","Mouse","129S6",540,"F",24.6,"Bruker",9.4,"LASER","Rhippocampus",4.32,128,"PV6.0.1","",8000,2048,20.5,4000,"MAPSHIM",7.82565959391227,57.7057718403195,7.37391796152365,"pass"
"compMRS138","S11","DP18",2,"sub-02","Mouse","129S6",540,"F",NaN,"Bruker",9.4,"LASER","Rhippocampus",4.32,128,"PV6.0.1","",8000,2048,20.5,4000,"MAPSHIM",7.65112709039705,59.4347820041752,7.7681080580627,"pass"
"compMRS139","S11","DP18",3,"sub-03","Mouse","129S6",540,"F",33.4,"Bruker",9.4,"LASER","Rhippocampus",4.32,128,"PV6.0.1","",8000,2048,20.5,4000,"MAPSHIM",6.88988555629837,65.6969636761352,9.53527647728176,"pass"
"compMRS140","S11","DP18",4,"sub-04","Mouse","129S6",540,"F",26.1,"Bruker",9.4,"LASER","Rhippocampus",4.32,128,"PV6.0.1","",8000,2048,20.5,4000,"MAPSHIM",7.41976086843862,51.6464592865768,6.96066358503074,"pass"
"compMRS141","S11","DP18",5,"sub-05","Mouse","129S6",540,"F",31.8,"Bruker",9.4,"LASER","Rhippocampus",4.32,128,"PV6.0.1","",8000,2048,20.5,4000,"MAPSHIM",6.41363180246035,61.2139790341142,9.54435504243192,"pass"
"compMRS142","S11","DP18",6,"sub-06","Mouse","129S6",540,"F",22.8,"Bruker",9.4,"LASER","Rhippocampus",4.32,128,"PV6.0.1","",8000,2048,20.5,4000,"MAPSHIM",8.8057133385684,56.8887029293389,6.46043094318895,"pass"
"compMRS143","S11","DP18",7,"sub-07","Mouse","129S6",540,"F",31,"Bruker",9.4,"LASER","Rhippocampus",4.32,128,"PV6.0.1","",8000,2048,20.5,4000,"MAPSHIM",9.44202646057193,55.7610828151155,5.9056266202984,"pass"
"compMRS144","S11","DP18",8,"sub-08","Mouse","129S6",540,"F",39.7,"Bruker",9.4,"LASER","Rhippocampus",4.32,128,"PV6.0.1","",8000,2048,20.5,4000,"MAPSHIM",8.19836770209559,61.1112377756657,7.45407378593729,"pass"
"compMRS145","S12","DP19",1,"sub-01","Rat","Fischer-344",180,"F",235,"Bruker",7,"PRESS","Lhippocampus",7.2,1000,"PV6.0.1","",4000,2048,16,2500,"MAPSHIM",NaN,NaN,NaN,"pass"
"compMRS146","S12","DP19",2,"sub-02","Rat","Fischer-344",180,"F",258,"Bruker",7,"PRESS","Lhippocampus",7.2,1000,"PV6.0.1","",4000,2048,16,2500,"MAPSHIM",NaN,NaN,NaN,"pass"
"compMRS147","S12","DP19",3,"sub-03","Rat","Fischer-344",180,"M",467,"Bruker",7,"PRESS","Lhippocampus",7.2,1000,"PV6.0.1","",4000,2048,16,2500,"MAPSHIM",NaN,NaN,NaN,"pass"
"compMRS148","S12","DP19",4,"sub-04","Rat","Fischer-344",180,"M",446,"Bruker",7,"PRESS","Lhippocampus",7.2,1000,"PV6.0.1","",4000,2048,16,2500,"MAPSHIM",NaN,NaN,NaN,"pass"
"compMRS149","S12","DP19",5,"sub-05","Rat","Fischer-344",180,"M",458,"Bruker",7,"PRESS","Lhippocampus",7.2,1000,"PV6.0.1","",4000,2048,16,2500,"MAPSHIM",NaN,NaN,NaN,"pass"
"compMRS150","S12","DP19",6,"sub-06","Rat","Fischer-344",180,"M",462,"Bruker",7,"PRESS","Lhippocampus",7.2,1000,"PV6.0.1","",4000,2048,16,2500,"MAPSHIM",NaN,NaN,NaN,"pass"
"compMRS151","S12","DP19",7,"sub-07","Rat","Fischer-344",360,"F",269,"Bruker",7,"PRESS","Lhippocampus",7.2,1000,"PV6.0.1","",4000,2048,16,2500,"MAPSHIM",NaN,NaN,NaN,"pass"
"compMRS152","S12","DP19",8,"sub-08","Rat","Fischer-344",360,"M",493,"Bruker",7,"PRESS","Lhippocampus",7.2,1000,"PV6.0.1","",4000,2048,16,2500,"MAPSHIM",NaN,NaN,NaN,"pass"
"compMRS153","S13","DP20",1,"sub-01","Mouse","C57BL-6J",88,"F",32,"Bruker",11.7,"STEAM","Rstriatum",7.106,256,"PV6.0.1","",10000,4096,2.704,5000,"MAPSHIM",NaN,NaN,NaN,"pass"
"compMRS154","S13","DP20",2,"sub-02","Mouse","C57BL-6J",151,"F",41,"Bruker",11.7,"STEAM","Rstriatum",7.106,256,"PV6.0.1","",10000,4096,2.704,5000,"MAPSHIM",NaN,NaN,NaN,"pass"
"compMRS155","S13","DP20",3,"sub-03","Mouse","C57BL-6J",152,"F",43,"Bruker",11.7,"STEAM","Rstriatum",7.106,256,"PV6.0.1","",10000,4096,2.704,5000,"MAPSHIM",NaN,NaN,NaN,"pass"
"compMRS156","S13","DP20",4,"sub-04","Mouse","C57BL-6J",156,"F",42.5,"Bruker",11.7,"STEAM","Rstriatum",7.106,256,"PV6.0.1","",10000,4096,2.704,5000,"MAPSHIM",NaN,NaN,NaN,"pass"
"compMRS157","S13","DP20",5,"sub-05","Mouse","C57BL-6J",156,"F",41.5,"Bruker",11.7,"STEAM","Rstriatum",7.106,256,"PV6.0.1","",10000,4096,2.704,5000,"MAPSHIM",NaN,NaN,NaN,"pass"
"compMRS158","S13","DP20",6,"sub-06","Mouse","C57BL-6J",157,"F",45,"Bruker",11.7,"STEAM","Rstriatum",7.106,256,"PV6.0.1","",10000,4096,2.704,5000,"MAPSHIM",NaN,NaN,NaN,"pass"
"compMRS159","S13","DP20",7,"sub-07","Mouse","C57BL-6J",157,"F",42,"Bruker",11.7,"STEAM","Rstriatum",7.106,256,"PV6.0.1","",10000,4096,2.704,5000,"MAPSHIM",NaN,NaN,NaN,"pass"
"compMRS160","S13","DP20",8,"sub-08","Mouse","C57BL-6J",158,"F",44,"Bruker",11.7,"STEAM","Rstriatum",7.106,256,"PV6.0.1","",10000,4096,2.704,5000,"MAPSHIM",NaN,NaN,NaN,"pass"
"compMRS161","S01","DP21",1,"sub-01","Mouse","C57BL-6",126,"M",41,"Bruker",7,"PRESS","Lhippocampus",9,250,"PV6.0.1","86 mm volume coil; 20 mm surface coil, single element",4000,2048,8.774,2500,"MAPSHIM",12.5357393225347,30.653241891623,2.44526797366627,"pass"
"compMRS162","S01","DP21",2,"sub-02","Mouse","C57BL-6",124,"M",44,"Bruker",7,"PRESS","Lhippocampus",9,250,"PV6.0.1","86 mm volume coil; 20 mm surface coil, single element",4000,2048,8.774,2500,"MAPSHIM",12.9929292244386,32.829440171465,2.52671584708671,"pass"
"compMRS163","S01","DP21",3,"sub-03","Mouse","C57BL-6",82,"M",39,"Bruker",7,"PRESS","Lhippocampus",9,250,"PV6.0.1","86 mm volume coil; 20 mm surface coil, single element",4000,2048,8.774,2500,"MAPSHIM",13.6503765548969,26.4595244136987,1.93837322415891,"pass"
"compMRS164","S01","DP21",4,"sub-04","Mouse","C57BL-6",85,"M",38,"Bruker",7,"PRESS","Lhippocampus",9,250,"PV6.0.1","86 mm volume coil; 20 mm surface coil, single element",4000,2048,8.774,2500,"MAPSHIM",11.6847831375456,37.8345320550243,3.2379318990914,"pass"
"compMRS165","S01","DP21",5,"sub-05","Mouse","C57BL-6",132,"F",30.58,"Bruker",7,"PRESS","Lhippocampus",9,250,"PV6.0.1","86 mm volume coil; 20 mm surface coil, single element",4000,2048,8.774,2500,"MAPSHIM",10.5500464913372,31.8263410140274,3.0167014941745,"pass"
"compMRS166","S01","DP21",6,"sub-06","Mouse","C57BL-6",126,"F",21.32,"Bruker",7,"PRESS","Lhippocampus",9,250,"PV6.0.1","86 mm volume coil; 20 mm surface coil, single element",4000,2048,8.774,2500,"MAPSHIM",19.4492641139689,29.217190862312,1.50222603236323,"pass"
"compMRS167","S01","DP21",7,"sub-07","Mouse","C57BL-6",105,"F",17.15,"Bruker",7,"PRESS","Lhippocampus",9,250,"PV6.0.1","86 mm volume coil; 20 mm surface coil, single element",4000,2048,8.774,2500,"MAPSHIM",11.8763004173104,34.3347408654648,2.89103000589476,"pass"
"compMRS168","S01","DP21",8,"sub-08","Mouse","C57BL-6",105,"F",16.38,"Bruker",7,"PRESS","Lhippocampus",9,250,"PV6.0.1","86 mm volume coil; 20 mm surface coil, single element",4000,2048,8.774,2500,"MAPSHIM",9.50435961939122,36.2603374511565,3.81512683686511,"pass"
"compMRS169","S02","DP22",1,"sub-01","Rat","Wistar",65,"F",224,"Bruker",14.1,"sSPECIAL","Lhippocampus",11.2,256,"PV360 v1.1","20 mm diameter",7142.86,4096,9.3,4000,"MAPSHIM",7.25835787647179,71.1265181760896,9.79925754372743,"pass"
"compMRS170","S02","DP22",2,"sub-02","Rat","Wistar",65,"F",218,"Bruker",14.1,"sSPECIAL","Lhippocampus",11.2,256,"PV360 v1.1","20 mm diameter",7142.86,4096,9.3,4000,"MAPSHIM",8.52812196204703,61.6862556888327,7.23327550466058,"pass"
"compMRS171","S02","DP22",3,"sub-03","Rat","Wistar",65,"M",339,"Bruker",14.1,"sSPECIAL","Lhippocampus",11.2,256,"PV360 v1.1","20 mm diameter",7142.86,4096,9.3,4000,"MAPSHIM",12.4670014570678,36.8642804767319,2.95694843733517,"pass"
"compMRS172","S02","DP22",4,"sub-04","Rat","Wistar",65,"M",319,"Bruker",14.1,"sSPECIAL","Lhippocampus",11.2,256,"PV360 v1.1","20 mm diameter",7142.86,4096,9.3,4000,"MAPSHIM",8.23147142579736,51.4119649762942,6.2457806529182,"pass"
"compMRS173","S02","DP22",5,"sub-05","Rat","Wistar",66,"F",208,"Bruker",14.1,"sSPECIAL","Lhippocampus",11.2,256,"PV360 v1.1","20 mm diameter",7142.86,4096,9.3,4000,"MAPSHIM",8.3984900017184,64.8983518262037,7.72738335259373,"pass"
"compMRS174","S02","DP22",6,"sub-06","Rat","Wistar",66,"M",347,"Bruker",14.1,"sSPECIAL","Lhippocampus",11.2,256,"PV360 v1.1","20 mm diameter",7142.86,4096,9.3,4000,"MAPSHIM",8.87676398657792,53.5008351708453,6.02706518408522,"pass"
"compMRS175","S02","DP22",7,"sub-07","Rat","Wistar",64,"F",197,"Bruker",14.1,"sSPECIAL","Lhippocampus",11.2,256,"PV360 v1.1","20 mm diameter",7142.86,4096,9.3,4000,"MAPSHIM",13.8310258009752,55.5043251495459,4.01303026602931,"pass"
"compMRS176","S02","DP22",8,"sub-08","Rat","Wistar",65,"M",316,"Bruker",14.1,"sSPECIAL","Lhippocampus",11.2,256,"PV360 v1.1","20 mm diameter",7142.86,4096,9.3,4000,"MAPSHIM",8.15003344418786,59.3966640978581,7.28790433862777,"pass"
"compMRS177","S02","DP23",1,"sub-01","Rat","Wistar",65,"F",224,"Bruker",14.1,"sSPECIAL","Lstriatum",15.625,256,"PV360 v1.1","20 mm diameter",7142.86,4096,9.3,4000,"MAPSHIM",10.1205546693728,55.8234949499367,5.51585330781048,"pass"
"compMRS178","S02","DP23",2,"sub-02","Rat","Wistar",65,"F",218,"Bruker",14.1,"sSPECIAL","Lstriatum",15.625,256,"PV360 v1.1","20 mm diameter",7142.86,4096,9.3,4000,"MAPSHIM",10.7882354105528,53.6875213793701,4.97648775135682,"pass"
"compMRS179","S02","DP23",3,"sub-03","Rat","Wistar",65,"M",339,"Bruker",14.1,"sSPECIAL","Lstriatum",15.625,256,"PV360 v1.1","20 mm diameter",7142.86,4096,9.3,4000,"MAPSHIM",13.0587377870602,43.8157042936104,3.35527866537201,"pass"
"compMRS180","S02","DP23",4,"sub-04","Rat","Wistar",65,"M",319,"Bruker",14.1,"sSPECIAL","Lstriatum",15.625,256,"PV360 v1.1","20 mm diameter",7142.86,4096,9.3,4000,"MAPSHIM",10.3129662644415,52.833943352098,5.12305984499014,"pass"
"compMRS181","S02","DP23",5,"sub-05","Rat","Wistar",66,"F",208,"Bruker",14.1,"sSPECIAL","Lstriatum",15.625,256,"PV360 v1.1","20 mm diameter",7142.86,4096,9.3,4000,"MAPSHIM",16.2815753069453,46.4689470584277,2.85408175697872,"pass"
"compMRS182","S02","DP23",6,"sub-06","Rat","Wistar",66,"M",347,"Bruker",14.1,"sSPECIAL","Lstriatum",15.625,256,"PV360 v1.1","20 mm diameter",7142.86,4096,9.3,4000,"MAPSHIM",7.94290375586064,53.7376600579334,6.76549303751582,"pass"
"compMRS183","S02","DP23",7,"sub-07","Rat","Wistar",64,"F",197,"Bruker",14.1,"sSPECIAL","Lstriatum",15.625,256,"PV360 v1.1","20 mm diameter",7142.86,4096,9.3,4000,"MAPSHIM",14.8704715432912,55.603453350241,3.73918561952572,"pass"
"compMRS184","S02","DP23",8,"sub-08","Rat","Wistar",65,"M",316,"Bruker",14.1,"sSPECIAL","Lstriatum",15.625,256,"PV360 v1.1","20 mm diameter",7142.86,4096,9.3,4000,"MAPSHIM",9.4671526390682,54.7767573041251,5.78598015606902,"pass"
"compMRS185","S14","DP24",1,"sub-01","Mouse","B6129SF2-J",276,"M",35.1,"Bruker",7,"STEAM","Rhippocampus",4,128,"PV6.0","2 element, Tx/Rx",3311.26,8192,3,3345.8768,"MAPSHIM",10.8459092293703,16.1569707167671,1.48968337970364,"pass"
"compMRS186","S14","DP24",2,"sub-02","Mouse","B6129SF2-J",280,"M",40,"Bruker",7,"STEAM","Rhippocampus",4,128,"PV6.0","2 element, Tx/Rx",3311.26,8192,3,3345.8768,"MAPSHIM",14.6455646044962,15.5457432990675,1.06146425343649,"pass"
"compMRS187","S14","DP24",3,"sub-03","Mouse","B6129SF2-J",280,"M",40.3,"Bruker",7,"STEAM","Rhippocampus",4,128,"PV6.0","2 element, Tx/Rx",3311.26,8192,3,3345.8768,"MAPSHIM",7.97393149425804,18.9549721575106,2.37711750736258,"pass"
"compMRS188","S14","DP24",4,"sub-04","Mouse","B6129SF2-J",297,"M",41.2,"Bruker",7,"STEAM","Rhippocampus",4,128,"PV6.0","2 element, Tx/Rx",3311.26,8192,3,3345.8768,"MAPSHIM",9.41495497436645,20.3076097815375,2.15695240570219,"pass"
"compMRS189","S14","DP24",5,"sub-05","Mouse","B6129SF2-J",297,"M",37.5,"Bruker",7,"STEAM","Rhippocampus",4,128,"PV6.0","2 element, Tx/Rx",3311.26,8192,3,3345.8768,"MAPSHIM",8.86485223496594,20.4550595716235,2.30743378789123,"pass"
"compMRS190","S14","DP24",6,"sub-06","Mouse","B6129SF2-J",263,"M",41.6,"Bruker",7,"STEAM","Rhippocampus",4,128,"PV6.0","2 element, Tx/Rx",3311.26,8192,3,3345.8768,"MAPSHIM",12.8783971630387,15.7017959194128,1.21923526046218,"pass"
"compMRS191","S14","DP24",7,"sub-07","Mouse","B6129SF2-J",263,"M",33.9,"Bruker",7,"STEAM","Rhippocampus",4,128,"PV6.0","2 element, Tx/Rx",3311.26,8192,3,3345.8768,"MAPSHIM",15.0657209669241,15.3927529555954,1.02170702546458,"pass"
"compMRS192","S14","DP24",8,"sub-08","Mouse","B6129SF2-J",517,"M",40,"Bruker",7,"STEAM","Rhippocampus",4,128,"PV6.0","2 element, Tx/Rx",3311.26,8192,3,3345.8768,"MAPSHIM",9.28399185818698,20.0454378621076,2.15913996568521,"pass"
"compMRS193","S14","DP25",1,"sub-01","Mouse","B6129SF2-J",276,"M",35.1,"Bruker",7,"PRESS","Rhippocampus",4,128,"PV6.0","2 element, Tx/Rx",3301.06,8192,16.168,3359.7475,"MAPSHIM",9.25865409305653,24.4904391755755,2.64514031191012,"pass"
"compMRS194","S14","DP25",2,"sub-02","Mouse","B6129SF2-J",280,"M",40,"Bruker",7,"PRESS","Rhippocampus",4,128,"PV6.0","2 element, Tx/Rx",3301.06,8192,16.168,3359.7475,"MAPSHIM",18.2618650322177,15.3598784180192,0.841090348161111,"pass"
"compMRS195","S14","DP25",3,"sub-03","Mouse","B6129SF2-J",280,"M",40.3,"Bruker",7,"PRESS","Rhippocampus",4,128,"PV6.0","2 element, Tx/Rx",3301.06,8192,16.168,3359.7475,"MAPSHIM",11.3619455367923,27.9513518722133,2.46008500759849,"pass"
"compMRS196","S14","DP25",4,"sub-04","Mouse","B6129SF2-J",297,"M",41.2,"Bruker",7,"PRESS","Rhippocampus",4,128,"PV6.0","2 element, Tx/Rx",3301.06,8192,16.168,3359.7475,"MAPSHIM",7.94691597382792,27.6670104490078,3.48147766254548,"pass"
"compMRS197","S14","DP25",5,"sub-05","Mouse","B6129SF2-J",297,"M",37.5,"Bruker",7,"PRESS","Rhippocampus",4,128,"PV6.0","2 element, Tx/Rx",3301.06,8192,16.168,3359.7475,"MAPSHIM",13.8462541169446,16.5363661247511,1.19428446026528,"pass"
"compMRS198","S14","DP25",6,"sub-06","Mouse","B6129SF2-J",263,"M",41.6,"Bruker",7,"PRESS","Rhippocampus",4,128,"PV6.0","2 element, Tx/Rx",3301.06,8192,16.168,3359.7475,"MAPSHIM",25.6159006142832,16.4884953425272,0.643682046975674,"pass"
"compMRS199","S14","DP25",7,"sub-07","Mouse","B6129SF2-J",263,"M",33.9,"Bruker",7,"PRESS","Rhippocampus",4,128,"PV6.0","2 element, Tx/Rx",3301.06,8192,16.168,3359.7475,"MAPSHIM",28.6901286797286,19.9911004384942,0.696793683348629,"pass"
"compMRS200","S14","DP25",8,"sub-08","Mouse","B6129SF2-J",517,"M",40,"Bruker",7,"PRESS","Rhippocampus",4,128,"PV6.0","2 element, Tx/Rx",3301.06,8192,16.168,3359.7475,"MAPSHIM",38.1528386150153,6.91309304612801,0.181194723566579,"pass"
"compMRS201","S01","DP26",1,"sub-01","Rat","Fischer-344",405,"M",530,"Bruker",7,"PRESS","Lhippocampus",30.625,256,"PV6.0.1","Tx: 86 mm volume coil, Rx: 20mm single channel loop surface coil",4000,2048,8.774,2500,"MAPSHIM",8.70928960533779,83.7438561328391,9.61546347953727,"pass"
"compMRS202","S01","DP26",2,"sub-02","Rat","Fischer-344",427,"F",276,"Bruker",7,"PRESS","Lhippocampus",30.625,256,"PV6.0.1","Tx: 86 mm volume coil, Rx: 20mm single channel loop surface coil",4000,2048,8.774,2500,"MAPSHIM",8.15356127756371,63.8582130787274,7.8319412714107,"pass"
"compMRS203","S01","DP26",3,"sub-03","Rat","Fischer-344",437,"F",327,"Bruker",7,"PRESS","Lhippocampus",30.625,256,"PV6.0.1","Tx: 86 mm volume coil, Rx: 20mm single channel loop surface coil",4000,2048,8.774,2500,"MAPSHIM",11.0780268447076,81.2672061792336,7.33589178997681,"pass"
"compMRS204","S01","DP26",4,"sub-04","Rat","Fischer-344",447,"F",281,"Bruker",7,"PRESS","Lhippocampus",30.625,256,"PV6.0.1","Tx: 86 mm volume coil, Rx: 20mm single channel loop surface coil | for ses-02 Tx: 86 mm volume coil, Rx: 4ch array",4000,2048,8.774,2500,"MAPSHIM",7.68363804128438,71.7957996427389,9.34398513529375,"pass"
"compMRS205","S01","DP26",5,"sub-05","Rat","Fischer-344",430,"M",539,"Bruker",7,"PRESS","Lhippocampus",30.625,256,"PV6.0.1","Tx: 86 mm volume coil, Rx: 20mm single channel loop surface coil",4000,2048,8.774,2500,"MAPSHIM",7.88207651663423,83.8990500314852,10.6442826144133,"pass"
"compMRS206","S01","DP26",6,"sub-06","Rat","Fischer-344",455,"M",560,"Bruker",7,"PRESS","Lhippocampus",30.625,256,"PV6.0.1","Tx: 86 mm volume coil, Rx: 20mm single channel loop surface coil",4000,2048,8.774,2500,"MAPSHIM",7.4448793058489,55.0854266153134,7.39910270567272,"pass"
"compMRS207","S01","DP26",7,"sub-07","Rat","Fischer-344",451,"M",585,"Bruker",7,"PRESS","Lhippocampus",30.625,256,"PV6.0.1","Tx: 86 mm volume coil, Rx: 20mm single channel loop surface coil",4000,2048,8.774,2500,"MAPSHIM",8.91319825493551,88.1435735234966,9.88910725447947,"pass"
"compMRS208","S01","DP26",8,"sub-08","Rat","Fischer-344",451,"M",585,"Bruker",7,"PRESS","Lhippocampus",30.625,256,"PV6.0.1","Tx: 86 mm volume coil, Rx: 20mm single channel loop surface coil",4000,2048,8.774,2500,"MAPSHIM",8.31329068117134,72.6785628345078,8.7424541763127,"pass"
"compMRS209","S15","DP27",1,"sub-01","Mouse","BALB-c",87,"M",NaN,"Bruker",7,"PRESS","Rhippocampus",5.52,256,"PV360 v3.4","Tx: 86 mm volume coil, Rx: circ. polarizared mouse brain coil",4065,2048,11,2500,"MAPSHIM",7.68673829516572,28.2019309328782,3.66890738957703,"pass"
"compMRS210","S15","DP27",2,"sub-02","Mouse","BALB-c",87,"M",NaN,"Bruker",7,"PRESS","Rhippocampus",5.52,256,"PV360 v3.4","Tx: 86 mm volume coil, Rx: circ. polarizared mouse brain coil",4065,2048,11,2500,"MAPSHIM",9.89768252094928,30.1621730111299,3.04739750414192,"pass"
"compMRS211","S15","DP27",3,"sub-03","Mouse","BALB-c",87,"M",NaN,"Bruker",7,"PRESS","Rhippocampus",5.52,256,"PV360 v3.4","Tx: 86 mm volume coil, Rx: circ. polarizared mouse brain coil",4065,2048,11,2500,"MAPSHIM",9.85519836086941,24.7912719644676,2.51555281351847,"pass"
"compMRS212","S15","DP27",4,"sub-04","Mouse","BALB-c",94,"M",NaN,"Bruker",7,"PRESS","Rhippocampus",5.52,256,"PV360 v3.4","Tx: 86 mm volume coil, Rx: circ. polarizared mouse brain coil",4065,2048,11,2500,"MAPSHIM",10.427722172752,26.1171531058573,2.50458850678842,"pass"
"compMRS213","S15","DP27",5,"sub-05","Mouse","BALB-c",90,"M",NaN,"Bruker",7,"PRESS","Rhippocampus",5.52,256,"PV360 v3.4","Tx: 86 mm volume coil, Rx: circ. polarizared mouse brain coil",4065,2048,11,2500,"MAPSHIM",9.48372425822151,31.479299350782,3.31929719735286,"pass"
"compMRS214","S15","DP27",6,"sub-06","Mouse","BALB-c",90,"M",NaN,"Bruker",7,"PRESS","Rhippocampus",5.52,256,"PV360 v3.4","Tx: 86 mm volume coil, Rx: circ. polarizared mouse brain coil",4065,2048,11,2500,"MAPSHIM",10.2163576975782,25.1876522816195,2.46542388463849,"pass"
"compMRS215","S15","DP27",7,"sub-07","Mouse","BALB-c",94,"M",NaN,"Bruker",7,"PRESS","Rhippocampus",5.52,256,"PV360 v3.4","Tx: 86 mm volume coil, Rx: circ. polarizared mouse brain coil",4065,2048,11,2500,"MAPSHIM",21.1722158376084,22.9002511548636,1.08161806636156,"pass"
"compMRS216","S15","DP27",8,"sub-08","Mouse","BALB-c",90,"M",NaN,"Bruker",7,"PRESS","Rhippocampus",5.52,256,"PV360 v3.4","Tx: 86 mm volume coil, Rx: circ. polarizared mouse brain coil",4065,2048,11,2500,"Other",8.99053266989008,28.8089953829415,3.20437024598385,"pass"
"compMRS217","S16","DP28",1,"sub-01","Mouse","C57BL-6",73,"F",21,"Varian",9.4,"STEAM","Lhippocampus",3.84,320,"vnmrj_4.2_A","14 mm loops",5000,4096,2,5000,"FASTMAP-FASTESTMAP",7.11579064980005,35.2771644592285,4.95758867263794,"pass"
"compMRS218","S16","DP28",2,"sub-02","Mouse","C57BL-6",73,"F",23.4,"Varian",9.4,"STEAM","Lhippocampus",3.84,320,"vnmrj_4.2_A","14 mm loops",5000,4096,2,5000,"FASTMAP-FASTESTMAP",8.14378675512365,36.089900970459,4.43158721923828,"pass"
"compMRS219","S16","DP28",3,"sub-03","Mouse","C57BL-6",73,"F",20.3,"Varian",9.4,"STEAM","Lhippocampus",3.84,320,"vnmrj_4.2_A","14 mm loops",5000,4096,2,5000,"FASTMAP-FASTESTMAP",8.92887737415635,30.6695671081543,3.4348738193512,"pass"
"compMRS220","S16","DP28",4,"sub-04","Mouse","C57BL-6",73,"F",21.9,"Varian",9.4,"STEAM","Lhippocampus",3.84,320,"vnmrj_4.2_A","14 mm loops",5000,4096,2,5000,"FASTMAP-FASTESTMAP",6.56353641884808,32.9595947265625,5.0216212272644,"pass"
"compMRS221","S16","DP28",5,"sub-05","Mouse","C57BL-6",74,"M",21.1,"Varian",9.4,"STEAM","Lhippocampus",3.84,320,"vnmrj_4.2_A","14 mm loops",5000,4096,2,5000,"FASTMAP-FASTESTMAP",5.5731259400662,40.516674041748,7.27000856399536,"pass"
"compMRS222","S16","DP28",6,"sub-06","Mouse","C57BL-6",74,"M",20.8,"Varian",9.4,"STEAM","Lhippocampus",3.84,320,"vnmrj_4.2_A","14 mm loops",5000,4096,2,5000,"FASTMAP-FASTESTMAP",6.51646692940852,32.4488182067871,4.97951078414917,"pass"
"compMRS223","S16","DP28",7,"sub-07","Mouse","C57BL-6",75,"M",20.8,"Varian",9.4,"STEAM","Lhippocampus",3.84,320,"vnmrj_4.2_A","14 mm loops",5000,4096,2,5000,"FASTMAP-FASTESTMAP",7.76493148685596,32.3319396972656,4.16384077072144,"pass"
"compMRS224","S16","DP28",8,"sub-08","Mouse","C57BL-6",75,"M",22.8,"Varian",9.4,"STEAM","Lhippocampus",3.84,320,"vnmrj_4.2_A","14 mm loops",5000,4096,2,5000,"FASTMAP-FASTESTMAP",6.98976316462966,37.3157768249512,5.33863258361816,"pass"
"compMRS225","S16","DP29",1,"sub-01","Rat","Sprague-Dawley",56,"M",NaN,"Varian",9.4,"STEAM","Lhippocampus",13.5,320,"vnmr6.1c","14 mm loops",5000,4096,2,5000,"FASTMAP-FASTESTMAP",5.78199231893944,41.0957455521083,7.10754066855044,"pass"
"compMRS226","S16","DP29",2,"sub-02","Rat","Sprague-Dawley",56,"M",NaN,"Varian",9.4,"STEAM","Lhippocampus",11.25,320,"vnmr6.1c","14 mm loops",5000,4096,2,5000,"FASTMAP-FASTESTMAP",158.197820116961,1.54955825111814,0.00979506702413785,"pass"
"compMRS227","S16","DP29",3,"sub-03","Rat","Sprague-Dawley",56,"M",NaN,"Varian",9.4,"STEAM","Lhippocampus",11.25,320,"vnmr6.1c","14 mm loops",5000,4096,2,5000,"FASTMAP-FASTESTMAP",77.4165038877393,6.75200721906683,0.0872166383134252,"pass"
"compMRS228","S16","DP29",4,"sub-04","Rat","Sprague-Dawley",56,"M",NaN,"Varian",9.4,"STEAM","Lhippocampus",19.53,320,"vnmr6.1c","14 mm loops",5000,4096,2,5000,"FASTMAP-FASTESTMAP",5.90561621807469,47.0351467213857,7.96447736942848,"pass"
"compMRS229","S16","DP29",5,"sub-05","Rat","Sprague-Dawley",56,"M",NaN,"Varian",9.4,"STEAM","Lhippocampus",11.25,320,"vnmr6.1c","14 mm loops",5000,4096,2,5000,"FASTMAP-FASTESTMAP",21.8436660499796,11.1539575468704,0.51062662839422,"pass"
"compMRS230","S16","DP29",6,"sub-06","Rat","Sprague-Dawley",56,"M",NaN,"Varian",9.4,"STEAM","Lhippocampus",11.25,320,"vnmr6.1c","14 mm loops",5000,4096,2,5000,"FASTMAP-FASTESTMAP",7.30433106499851,33.5599534464003,4.59452797905281,"pass"
"compMRS231","S16","DP29",7,"sub-07","Rat","Sprague-Dawley",56,"M",NaN,"Varian",9.4,"STEAM","Lhippocampus",11.25,320,"vnmr6.1c","14 mm loops",5000,4096,2,5000,"FASTMAP-FASTESTMAP",5.55881667937064,29.5923017979459,5.32348942316556,"pass"
"compMRS232","S16","DP29",8,"sub-08","Rat","Sprague-Dawley",56,"M",NaN,"Varian",9.4,"STEAM","Lhippocampus",11.25,320,"vnmr6.1c","14 mm loops",5000,4096,2,5000,"FASTMAP-FASTESTMAP",6.82260096190448,27.9989399941024,4.10385132450817,"pass"
"compMRS233","S16","DP30",1,"sub-01","Mouse","C57BL-6",90,"F",21,"Varian",9.4,"STEAM","Lstriatum",5.184,240,"vnmr6.1c","14 mm loops",5000,4096,2,5000,"FASTMAP-FASTESTMAP",7.57163766214475,19.7722205123487,2.61135323619646,"pass"
"compMRS234","S16","DP30",2,"sub-02","Mouse","C57BL-6",90,"F",21,"Varian",9.4,"STEAM","Lstriatum",5.184,240,"vnmr6.1c","14 mm loops",5000,4096,2,5000,"FASTMAP-FASTESTMAP",7.54864748295694,15.2322924732579,2.017883668253,"pass"
"compMRS235","S16","DP30",3,"sub-03","Mouse","C57BL-6",90,"F",20,"Varian",9.4,"STEAM","Lstriatum",5.184,240,"vnmr6.1c","14 mm loops",5000,4096,2,5000,"FASTMAP-FASTESTMAP",17.7782399735435,15.210475793547,0.85556701991774,"pass"
"compMRS236","S16","DP30",4,"sub-04","Mouse","C57BL-6",90,"M",27,"Varian",9.4,"STEAM","Lstriatum",5.184,240,"vnmr6.1c","14 mm loops",5000,4096,2,5000,"FASTMAP-FASTESTMAP",6.65595416884728,18.7497106863249,2.81698314181332,"pass"
"compMRS237","S16","DP30",5,"sub-05","Mouse","C57BL-6",90,"M",21,"Varian",9.4,"STEAM","Lstriatum",5.184,240,"vnmr6.1c","14 mm loops",5000,4096,2,5000,"FASTMAP-FASTESTMAP",6.39374626114058,19.5232704931601,3.05349472684225,"pass"
"compMRS238","S16","DP30",6,"sub-06","Mouse","C57BL-6",90,"M",24,"Varian",9.4,"STEAM","Lstriatum",5.184,240,"vnmr6.1c","14 mm loops",5000,4096,2,5000,"FASTMAP-FASTESTMAP",7.83469429910149,16.6650738989411,2.12708668171678,"pass"
"compMRS239","S16","DP30",7,"sub-07","Mouse","C57BL-6",90,"M",21,"Varian",9.4,"STEAM","Lstriatum",5.184,240,"vnmr6.1c","14 mm loops",5000,4096,2,5000,"FASTMAP-FASTESTMAP",7.79405125997131,19.927731796665,2.55678736666896,"pass"
"compMRS240","S16","DP30",8,"sub-08","Mouse","C57BL-6",90,"M",22,"Varian",9.4,"STEAM","Lstriatum",5.184,232,"vnmr6.1c","14 mm loops",5000,4096,2,5000,"FASTMAP-FASTESTMAP",12.1378513984355,9.30206691938374,0.766368495875864,"pass"
"compMRS241","S16","DP31",1,"sub-01","Rat","Sprague-Dawley",37,"",NaN,"Varian",9.4,"STEAM","Lstriatum",12,320,"vnmr6.1c","14 mm loops",5000,4096,2,5000,"FASTMAP-FASTESTMAP",6.45657781333287,26.5929740874917,4.11874136056674,"pass"
"compMRS242","S16","DP31",2,"sub-02","Rat","Sprague-Dawley",37,"",NaN,"Varian",9.4,"STEAM","Lstriatum",12,320,"vnmr6.1c","14 mm loops",5000,4096,2,5000,"FASTMAP-FASTESTMAP",8.23971068755962,25.438146495769,3.0872620969782,"pass"
"compMRS243","S16","DP31",3,"sub-03","Rat","Sprague-Dawley",37,"",NaN,"Varian",9.4,"STEAM","Lstriatum",12,320,"vnmr6.1c","14 mm loops",5000,4096,2,5000,"FASTMAP-FASTESTMAP",7.98695037758699,23.546858444163,2.94816636275095,"pass"
"compMRS244","S16","DP31",4,"sub-04","Rat","Sprague-Dawley",37,"",NaN,"Varian",9.4,"STEAM","Lstriatum",12,320,"vnmr6.1c","14 mm loops",5000,4096,2,5000,"FASTMAP-FASTESTMAP",6.44652376311253,26.4444883843697,4.10213152950539,"pass"
"compMRS245","S16","DP31",5,"sub-05","Rat","Sprague-Dawley",37,"",NaN,"Varian",9.4,"STEAM","Lstriatum",12,320,"vnmr6.1c","14 mm loops",5000,4096,2,5000,"FASTMAP-FASTESTMAP",6.61468639831505,24.4323084622987,3.69364577412503,"pass"
"compMRS246","S16","DP31",6,"sub-06","Rat","Sprague-Dawley",37,"",NaN,"Varian",9.4,"STEAM","Lstriatum",12,320,"vnmr6.1c","14 mm loops",5000,4096,2,5000,"FASTMAP-FASTESTMAP",5.79528120343496,27.5889628946482,4.76059088872095,"pass"
"compMRS247","S16","DP31",7,"sub-07","Rat","Sprague-Dawley",37,"",NaN,"Varian",9.4,"STEAM","Lstriatum",12,320,"vnmr6.1c","14 mm loops",5000,4096,2,5000,"FASTMAP-FASTESTMAP",5.88250553305753,30.9226725096176,5.256717964113,"pass"
"compMRS248","S16","DP31",8,"sub-08","Rat","Sprague-Dawley",37,"",NaN,"Varian",9.4,"STEAM","Lstriatum",12,320,"vnmr6.1c","14 mm loops",5000,4096,2,5000,"FASTMAP-FASTESTMAP",5.79498592651461,30.4672256192868,5.25751503207036,"pass"
"compMRS249","S16","DP32",1,"sub-01","Rat","Gunn rat Nj",29,"M",71,"Varian",9.4,"LASER","Lhippocampus",5.184,160,"vnmrj_4.2_A","14 mm loops",5000,4096,15,5000,"FASTMAP-FASTESTMAP",3.95997926169814,57.1326560974121,14.4275140762329,"pass"
"compMRS250","S16","DP32",2,"sub-02","Rat","Gunn rat Nj",29,"M",67.5,"Varian",9.4,"LASER","Lhippocampus",5.184,160,"vnmrj_4.2_A","14 mm loops",5000,4096,15,5000,"FASTMAP-FASTESTMAP",3.24340178269593,77.7628860473633,23.9757175445557,"pass"
"compMRS251","S16","DP32",3,"sub-03","Rat","Gunn rat Nj",29,"M",65.1,"Varian",9.4,"LASER","Lhippocampus",5.184,160,"vnmrj_4.2_A","14 mm loops",5000,4096,15,5000,"FASTMAP-FASTESTMAP",3.41265359960072,64.6702575683594,18.950138092041,"pass"
"compMRS252","S16","DP32",4,"sub-04","Rat","Gunn rat Nj",29,"F",52.2,"Varian",9.4,"LASER","Lhippocampus",5.184,160,"vnmrj_4.2_A","14 mm loops",5000,4096,15,5000,"FASTMAP-FASTESTMAP",3.57178009476336,65.7233276367188,18.4007205963135,"pass"
"compMRS253","S16","DP32",5,"sub-05","Rat","Gunn rat Nj",29,"F",54.5,"Varian",9.4,"LASER","Lhippocampus",5.184,160,"vnmrj_4.2_A","14 mm loops",5000,4096,15,5000,"FASTMAP-FASTESTMAP",4.12838442948512,52.4388809204102,12.702033996582,"pass"
"compMRS254","S16","DP32",6,"sub-06","Rat","Gunn rat Nj",30,"M",92.2,"Varian",9.4,"LASER","Lhippocampus",5.184,160,"vnmrj_4.2_A","14 mm loops",5000,4096,15,5000,"FASTMAP-FASTESTMAP",3.27755789912673,66.909912109375,20.4145622253418,"pass"
"compMRS255","S16","DP32",7,"sub-07","Rat","Gunn rat Nj",30,"M",93,"Varian",9.4,"LASER","Lhippocampus",5.184,160,"vnmrj_4.2_A","14 mm loops",5000,4096,15,5000,"FASTMAP-FASTESTMAP",3.57663871347098,65.1838531494141,18.2248916625977,"pass"
"compMRS256","S16","DP32",8,"sub-08","Rat","Gunn rat Nj",30,"M",88.4,"Varian",9.4,"LASER","Lhippocampus",5.184,160,"vnmrj_4.2_A","14 mm loops",5000,4096,15,5000,"FASTMAP-FASTESTMAP",3.66709826720394,72.1472549438477,19.6742076873779,"pass"
"compMRS257","S17","DP33",1,"sub-01","Rat","Sprague-Dawley",NaN,"",NaN,"",NaN,"","",NaN,NaN,"","",NaN,NaN,NaN,NaN,"",NaN,NaN,NaN,"pass"
"compMRS258","S17","DP33",2,"sub-02","Rat","Sprague-Dawley",NaN,"",NaN,"",NaN,"","",NaN,NaN,"","",NaN,NaN,NaN,NaN,"",NaN,NaN,NaN,"pass"
"compMRS259","S17","DP33",3,"sub-03","Rat","Sprague-Dawley",NaN,"",NaN,"",NaN,"","",NaN,NaN,"","",NaN,NaN,NaN,NaN,"",NaN,NaN,NaN,"pass"
"compMRS260","S17","DP33",4,"sub-04","Rat","Sprague-Dawley",NaN,"",NaN,"",NaN,"","",NaN,NaN,"","",NaN,NaN,NaN,NaN,"",NaN,NaN,NaN,"pass"
"compMRS261","S17","DP33",5,"sub-05","Rat","Sprague-Dawley",NaN,"",NaN,"",NaN,"","",NaN,NaN,"","",NaN,NaN,NaN,NaN,"",NaN,NaN,NaN,"pass"
"compMRS262","S17","DP33",6,"sub-06","Rat","Sprague-Dawley",NaN,"",NaN,"",NaN,"","",NaN,NaN,"","",NaN,NaN,NaN,NaN,"",NaN,NaN,NaN,"pass"
"compMRS263","S17","DP33",7,"sub-07","Rat","Sprague-Dawley",NaN,"",NaN,"",NaN,"","",NaN,NaN,"","",NaN,NaN,NaN,NaN,"",NaN,NaN,NaN,"pass"
"compMRS264","S17","DP33",8,"sub-08","Rat","Sprague-Dawley",NaN,"",NaN,"",NaN,"","",NaN,NaN,"","",NaN,NaN,NaN,NaN,"",NaN,NaN,NaN,"pass"
"compMRS265","S02","DP34",1,"sub-01","Rat","Wistar",63,"F",209,"Bruker",9.4,"STEAM","Rhippocampus",15.68,256,"PV360.3.5","",5000,4096,3,4000,"MAPSHIM",4.9951445139542,73.7116271939846,14.7566555858529,"pass"
"compMRS266","S02","DP34",2,"sub-02","Rat","Wistar",65,"F",206,"Bruker",9.4,"STEAM","Rhippocampus",15.68,256,"PV360.3.5","",5000,4096,3,4000,"MAPSHIM",5.14729526077882,94.3480100697584,18.3296285310594,"pass"
"compMRS267","S02","DP34",3,"sub-03","Rat","Wistar",65,"F",204,"Bruker",9.4,"STEAM","Rhippocampus",15.68,256,"PV360.3.5","",5000,4096,3,4000,"MAPSHIM",6.94244559942005,77.6043106449563,11.1782382063518,"pass"
"compMRS268","S02","DP34",4,"sub-04","Rat","Wistar",63,"M",325,"Bruker",9.4,"STEAM","Rhippocampus",15.68,256,"PV360.3.5","",5000,4096,3,4000,"MAPSHIM",6.49429905441627,62.6234657700567,9.64283677812332,"pass"
"compMRS269","S02","DP34",5,"sub-05","Rat","Wistar",63,"M",327,"Bruker",9.4,"STEAM","Rhippocampus",15.68,256,"PV360.3.5","",5000,4096,3,4000,"MAPSHIM",6.29513017945838,57.3798332708938,9.11495578886196,"pass"
"compMRS270","S02","DP34",6,"sub-06","Rat","Wistar",64,"F",212,"Bruker",9.4,"STEAM","Rhippocampus",15.68,256,"PV360.3.5","",5000,4096,3,4000,"MAPSHIM",4.55026924198691,74.7041380114489,16.417520379262,"pass"
"compMRS271","S02","DP34",7,"sub-07","Rat","Wistar",57,"M",287,"Bruker",9.4,"STEAM","Rhippocampus",15.68,256,"PV360.3.5","",5000,4096,3,4000,"MAPSHIM",6.02416709817329,58.5912148688833,9.72602750123746,"pass"
"compMRS272","S02","DP34",8,"sub-08","Rat","Wistar",57,"M",290,"Bruker",9.4,"STEAM","Rhippocampus",15.68,256,"PV360.3.5","",5000,4096,3,4000,"MAPSHIM",6.71521433912403,61.1316628624597,9.10345668436758,"pass"
"compMRS273","S02","DP35",1,"","Rat","Wistar",NaN,"",NaN,"Bruker",14.1,"STEAM","",NaN,NaN,"PV360.3.3","",NaN,NaN,NaN,NaN,"",NaN,NaN,NaN,"pass"
"compMRS274","S02","DP35",2,"","Rat","Wistar",NaN,"",NaN,"Bruker",14.1,"STEAM","",NaN,NaN,"PV360.3.3","",NaN,NaN,NaN,NaN,"",NaN,NaN,NaN,"pass"
"compMRS275","S02","DP35",3,"","Rat","Wistar",NaN,"",NaN,"Bruker",14.1,"STEAM","",NaN,NaN,"PV360.3.3","",NaN,NaN,NaN,NaN,"",NaN,NaN,NaN,"pass"
"compMRS276","S02","DP35",4,"","Rat","Wistar",NaN,"",NaN,"Bruker",14.1,"STEAM","",NaN,NaN,"PV360.3.3","",NaN,NaN,NaN,NaN,"",NaN,NaN,NaN,"pass"
"compMRS277","S02","DP35",5,"","Rat","Wistar",NaN,"",NaN,"Bruker",14.1,"STEAM","",NaN,NaN,"PV360.3.3","",NaN,NaN,NaN,NaN,"",NaN,NaN,NaN,"pass"
"compMRS278","S02","DP35",6,"","Rat","Wistar",NaN,"",NaN,"Bruker",14.1,"STEAM","",NaN,NaN,"PV360.3.3","",NaN,NaN,NaN,NaN,"",NaN,NaN,NaN,"pass"
"compMRS279","S02","DP35",7,"","Rat","Wistar",NaN,"",NaN,"Bruker",14.1,"STEAM","",NaN,NaN,"PV360.3.3","",NaN,NaN,NaN,NaN,"",NaN,NaN,NaN,"pass"
"compMRS280","S02","DP35",8,"","Rat","Wistar",NaN,"",NaN,"Bruker",14.1,"STEAM","",NaN,NaN,"PV360.3.3","",NaN,NaN,NaN,NaN,"",NaN,NaN,NaN,"pass"
"compMRS281","S18","DP36",1,"sub-01","Mouse","FVB-N",207,"F",NaN,"Bruker",7,"PRESS","Rstriatum",18.75,512,"PV5.1","72mm i.d. volume coil, 15 mm diameter rx loops",2553,4096,10.48,4000,"MAPSHIM",29.5648118459862,20.088299183369,0.679466498485303,"pass"
"compMRS282","S18","DP36",2,"sub-02","Mouse","FVB-N",205,"M",NaN,"Bruker",7,"PRESS","Rstriatum",18.75,512,"PV5.1","72mm i.d. volume coil, 15 mm diameter rx loops",2553,4096,10.48,4000,"MAPSHIM",28.0490753050187,21.3725536339932,0.761969990153975,"pass"
"compMRS283","S18","DP36",3,"sub-03","Mouse","FVB-N",207,"F",NaN,"Bruker",7,"PRESS","Rstriatum",18.75,512,"PV5.1","72mm i.d. volume coil, 15 mm diameter rx loops",2553,4096,10.48,4000,"MAPSHIM",26.7983361420656,23.4353197698979,0.874506523302814,"pass"
"compMRS284","S18","DP36",4,"sub-04","Mouse","FVB-N",203,"F",NaN,"Bruker",7,"PRESS","Rstriatum",18.75,512,"PV5.1","72mm i.d. volume coil, 15 mm diameter rx loops",2553,4096,10.48,4000,"MAPSHIM",32.0713080971552,21.5825269295539,0.672954369811574,"pass"
"compMRS285","S18","DP36",5,"sub-05","Mouse","FVB-N",207,"F",NaN,"Bruker",7,"PRESS","Rstriatum",18.75,512,"PV5.1","72mm i.d. volume coil, 15 mm diameter rx loops",2553,4096,10.48,4000,"MAPSHIM",29.1607431429175,19.3613530541411,0.663952662634512,"pass"
"compMRS286","S18","DP36",6,"sub-06","Mouse","FVB-N",206,"F",NaN,"Bruker",7,"PRESS","Rstriatum",18.75,512,"PV5.1","72mm i.d. volume coil, 15 mm diameter rx loops",2553,4096,10.48,4000,"MAPSHIM",25.6825178143661,19.6088168180643,0.763508350691989,"pass"
"compMRS287","S18","DP36",7,"sub-07","Mouse","FVB-N",206,"F",NaN,"Bruker",7,"PRESS","Rstriatum",18.75,512,"PV5.1","72mm i.d. volume coil, 15 mm diameter rx loops",2553,4096,10.48,4000,"MAPSHIM",29.0081835784736,22.4176707199257,0.772805048591923,"pass"
"compMRS288","S18","DP36",8,"sub-08","Mouse","FVB-N",201,"M",NaN,"Bruker",7,"PRESS","Rstriatum",18.75,512,"PV5.1","72mm i.d. volume coil, 15 mm diameter rx loops",2553,4096,10.48,4000,"MAPSHIM",16.7172661888157,25.3020450254898,1.51352767490282,"pass"
