CompID,SiteID,DP,AnimalID,AnimalSpecies,AnimalStrain,AnimalAge,AnimalSex,AnimalWeight,MRvendor,MRfield,MRcoil,Cryoprobe,MRsequence,MRbrainregion,MRVoxSize,MRvoxelvolume,MRaverages,MRsoftwareversion,MRSsw,MRSnpts,MRSTE,MRSTR,MRSshim,LW,LW_hz,SNR,SNR_LW_Ratio,CompCheck
compMRS001,S01,DP01,sub-01,Rat,Fischer-344,125,F,201,Bruker,7,"Volume Tx + Rx array",FALSE,PRESS,Rhippocampus,2.5 x 3.5 x 3.5,30.625,256,PV5.1,769293,2048,45271,3000,FASTMAP-FASTESTMAP,0.0154613465705105,4.64311843061846,85.7211564883786,5544.22320833782,pass
compMRS002,S01,DP01,sub-02,Rat,Fischer-344,125,F,203,Bruker,7,"Volume Tx + Rx array",FALSE,PRESS,Rhippocampus,2.5 x 3.5 x 3.5,30.625,256,PV5.1,769294,2048,45271,3000,FASTMAP-FASTESTMAP,0.0140536375534422,4.22037672473424,118.706755982933,8446.69257560706,pass
compMRS003,S01,DP01,sub-03,Rat,Fischer-344,125,M,389,Bruker,7,"Volume Tx + Rx array",FALSE,PRESS,Rhippocampus,2.5 x 3.5 x 3.5,30.625,256,PV5.1,769295,2048,45271,3000,FASTMAP-FASTESTMAP,0.0162372089283855,4.87611456960603,97.9197900198683,6030.58016015839,pass
compMRS004,S01,DP01,sub-04,Rat,Fischer-344,125,M,395,Bruker,7,"Volume Tx + Rx array",FALSE,PRESS,Rhippocampus,2.5 x 3.5 x 3.5,30.625,256,PV5.1,769296,2048,45271,3000,FASTMAP-FASTESTMAP,0.0158453077240722,4.75842519322672,90.6548125133538,5721.24026191242,pass
compMRS005,S01,DP01,sub-05,Rat,Fischer-344,120,F,225,Bruker,7,"Volume Tx + Rx array",FALSE,PRESS,Rhippocampus,2.5 x 3.5 x 3.5,30.625,256,PV5.1,769297,2048,45271,3000,FASTMAP-FASTESTMAP,0.0132935245413706,3.9921101958472,125.453565324115,9437.19364519868,pass
compMRS006,S01,DP01,sub-06,Rat,Fischer-344,125,F,201,Bruker,7,"Volume Tx + Rx array",FALSE,PRESS,Rhippocampus,2.5 x 3.5 x 3.5,30.625,256,PV5.1,769298,2048,45271,3000,FASTMAP-FASTESTMAP,0.0164252208403175,4.93257255146693,96.0623052552546,5848.46354208275,pass
compMRS007,S01,DP01,sub-07,Rat,Fischer-344,126,M,400,Bruker,7,"Volume Tx + Rx array",FALSE,PRESS,Rhippocampus,2.5 x 3.5 x 3.5,30.625,256,PV5.1,769299,2048,45271,3000,FASTMAP-FASTESTMAP,0.0158665776715682,4.76481017042674,95.5658248586104,6023.08997168668,pass
compMRS008,S01,DP01,sub-08,Rat,Fischer-344,113,M,354,Bruker,7,"Volume Tx + Rx array",FALSE,PRESS,Rhippocampus,2.5 x 3.5 x 3.5,30.625,256,PV5.1,769300,2048,45271,3000,FASTMAP-FASTESTMAP,0.0124245595572335,3.73115578046811,116.889836712132,9407.96622799231,pass
compMRS009,S02,DP02,sub-01,Rat,Wistar,NaN,M,NaN,Varian,9.4,"quad Tx/Rx - 2 loops",FALSE,SPECIAL,Lhippocampus,2.0 x 2.8 x 2.0,11.2,160,Vnmrj2.3,NaN,NaN,2.8,4000,FASTMAP-FASTESTMAP,0.0158428609604346,6.34138355670677,48.9032249450684,3086.76733398438,pass
compMRS010,S02,DP02,sub-02,Rat,Wistar,NaN,M,NaN,Varian,9.4,"quad Tx/Rx - 2 loops",FALSE,SPECIAL,Lhippocampus,2.0 x 2.8 x 2.0,11.2,160,Vnmrj2.3,NaN,NaN,2.8,4000,FASTMAP-FASTESTMAP,0.0188155592243964,7.5312512673931,41.748348236084,2218.82055664062,pass
compMRS011,S02,DP02,sub-03,Rat,Wistar,NaN,M,NaN,Varian,9.4,"quad Tx/Rx - 2 loops",FALSE,SPECIAL,Lhippocampus,2.0 x 2.8 x 2.0,11.2,160,Vnmrj2.3,NaN,NaN,2.8,4000,FASTMAP-FASTESTMAP,0.0201805062168376,8.07760205562826,36.5312385559082,1810.22412109375,pass
compMRS012,S02,DP02,sub-04,Rat,Wistar,NaN,M,NaN,Varian,9.4,"quad Tx/Rx - 2 loops",FALSE,SPECIAL,Lhippocampus,2.0 x 2.8 x 2.0,11.2,160,Vnmrj2.3,NaN,NaN,2.8,4000,FASTMAP-FASTESTMAP,0.0148637855426179,5.94948491088048,41.6887245178223,2804.7177734375,pass
compMRS013,S02,DP02,sub-05,Rat,Wistar,NaN,M,NaN,Varian,9.4,"quad Tx/Rx - 2 loops",FALSE,SPECIAL,Lhippocampus,2.0 x 2.8 x 2.0,11.2,160,Vnmrj2.3,NaN,NaN,2.8,4000,FASTMAP-FASTESTMAP,0.0149127590673761,5.9690934625664,47.8561401367188,3209.07348632812,pass
compMRS014,S02,DP02,sub-06,Rat,Wistar,NaN,M,NaN,Varian,9.4,"quad Tx/Rx - 2 loops",FALSE,SPECIAL,Lhippocampus,2.0 x 2.8 x 2.0,11.2,160,Vnmrj2.3,NaN,NaN,2.8,4000,FASTMAP-FASTESTMAP,0.0174861939373729,6.99915344790695,34.9109649658203,1996.4873046875,pass
compMRS015,S02,DP02,sub-07,Rat,Wistar,NaN,M,NaN,Varian,9.4,"quad Tx/Rx - 2 loops",FALSE,SPECIAL,Lhippocampus,2.0 x 2.8 x 2.0,11.2,160,Vnmrj2.3,NaN,NaN,2.8,4000,FASTMAP-FASTESTMAP,0.0156482718421176,6.26348417617646,35.8260231018066,2289.45556640625,pass
compMRS016,S02,DP02,sub-08,Rat,Wistar,NaN,M,NaN,Varian,9.4,"quad Tx/Rx - 2 loops",FALSE,SPECIAL,Lhippocampus,2.0 x 2.8 x 2.0,11.2,160,Vnmrj2.3,NaN,NaN,2.8,4000,FASTMAP-FASTESTMAP,0.0136194186081486,5.45140199076826,41.3912544250488,3039.13525390625,pass
compMRS017,S01,DP03,sub-01,Rat,Fischer-344,125,F,201,Bruker,7,"Volume Tx + Rx array",FALSE,PRESS,Rhippocampus,2.5 x 3.5 x 3.5,30.625,256,PV5.1,769293,2048,45271,3000,FASTMAP-FASTESTMAP,0.0154270365797688,4.63281497162538,87.3373319703155,5661.31619113749,pass
compMRS018,S01,DP03,sub-02,Rat,Fischer-344,125,F,203,Bruker,7,"Volume Tx + Rx array",FALSE,PRESS,Rhippocampus,2.5 x 3.5 x 3.5,30.625,256,PV5.1,769294,2048,45271,3000,FASTMAP-FASTESTMAP,0.0130687623978333,3.92461385425359,108.959116738803,8337.37070289593,pass
compMRS019,S01,DP03,sub-03,Rat,Fischer-344,125,M,389,Bruker,7,"Volume Tx + Rx array",FALSE,PRESS,Rhippocampus,2.5 x 3.5 x 3.5,30.625,256,PV5.1,769295,2048,45271,3000,FASTMAP-FASTESTMAP,0.0167801742695026,5.03916976106714,94.3370844917852,5621.93711320626,pass
compMRS020,S01,DP03,sub-04,Rat,Fischer-344,125,M,395,Bruker,7,"Volume Tx + Rx array",FALSE,PRESS,Rhippocampus,2.5 x 3.5 x 3.5,30.625,256,PV5.1,769296,2048,45271,3000,FASTMAP-FASTESTMAP,0.0151068969750578,4.53667675058072,90.2013087023823,5970.86938841967,pass
compMRS021,S01,DP03,sub-05,Rat,Fischer-344,120,F,225,Bruker,7,"Volume Tx + Rx array",FALSE,PRESS,Rhippocampus,2.5 x 3.5 x 3.5,30.625,256,PV5.1,769297,2048,45271,3000,FASTMAP-FASTESTMAP,0.0126087948962628,3.78648254690228,127.017998537012,10073.7619718646,pass
compMRS022,S01,DP03,sub-06,Rat,Fischer-344,125,F,201,Bruker,7,"Volume Tx + Rx array",FALSE,PRESS,Rhippocampus,2.5 x 3.5 x 3.5,30.625,256,PV5.1,769298,2048,45271,3000,FASTMAP-FASTESTMAP,0.0173905128927428,5.22245438186858,91.5837735680928,5266.30664276217,pass
compMRS023,S01,DP03,sub-07,Rat,Fischer-344,126,M,400,Bruker,7,"Volume Tx + Rx array",FALSE,PRESS,Rhippocampus,2.5 x 3.5 x 3.5,30.625,256,PV5.1,769299,2048,45271,3000,FASTMAP-FASTESTMAP,0.0155082795430407,4.65721150597674,100.988002118073,6511.87656488892,pass
compMRS024,S01,DP03,sub-08,Rat,Fischer-344,113,M,354,Bruker,7,"Volume Tx + Rx array",FALSE,PRESS,Rhippocampus,2.5 x 3.5 x 3.5,30.625,256,PV5.1,769300,2048,45271,3000,FASTMAP-FASTESTMAP,0.0123900064489095,3.72077931365956,118.131550434459,9534.42202968803,pass
compMRS025,S03,DP04,sub-01,Mouse,C57BL-6J,93,M,28,Bruker,9.4,"Volume Tx + Rx array",FALSE,PRESS,Lhippocampus,2.2 x 1.2 x 2.5,6.6,512,PV6.0.1,4401.4,2048,8.26,2500,MAPSHIM,0.0510900473402564,20.4529191705157,47.4599571739167,928.947214666615,pass
compMRS026,S03,DP04,sub-02,Mouse,C57BL-6J,100,F,25,Bruker,9.4,"Volume Tx + Rx array",FALSE,PRESS,Lhippocampus,2.2 x 1.2 x 2.5,6.6,512,PV6.0.1,4401.4,2048,8.26,2500,MAPSHIM,0.0261595578290881,10.4725009541582,97.3062905503832,3719.72229752995,pass
compMRS027,S03,DP04,sub-03,Mouse,C57BL-6J,101,M,34,Bruker,9.4,"Volume Tx + Rx array",FALSE,PRESS,Lhippocampus,2.2 x 1.2 x 2.5,6.6,512,PV6.0.1,4401.4,2048,8.26,2500,MAPSHIM,0.0280676915318692,11.2363817763368,120.796372099026,4303.75159146482,pass
compMRS028,S03,DP04,sub-04,Mouse,C57BL-6J,93,M,28,Bruker,9.4,"Volume Tx + Rx array",FALSE,PRESS,Lhippocampus,2.2 x 1.2 x 2.5,6.6,512,PV6.0.1,4401.4,2048,8.26,2500,MAPSHIM,0.0219629698649272,8.79247946314556,110.42173667365,5027.63229894435,pass
compMRS029,S03,DP04,sub-05,Mouse,C57BL-6J,109,F,23,Bruker,9.4,"Volume Tx + Rx array",FALSE,PRESS,Lhippocampus,2.2 x 1.2 x 2.5,6.6,512,PV6.0.1,4401.4,2048,8.26,2500,MAPSHIM,0.0205222515947519,8.21572418965657,118.673621374454,5782.68036655406,pass
compMRS030,S03,DP04,sub-06,Mouse,C57BL-6J,110,F,21,Bruker,9.4,"Volume Tx + Rx array",FALSE,PRESS,Lhippocampus,2.2 x 1.2 x 2.5,6.6,512,PV6.0.1,4401.4,2048,8.26,2500,MAPSHIM,0.023425466892119,9.37793419365268,98.5528131835474,4207.07999705668,pass
compMRS031,S03,DP04,sub-07,Mouse,C57BL-6J,109,F,22,Bruker,9.4,"Volume Tx + Rx array",FALSE,PRESS,Lhippocampus,2.2 x 1.2 x 2.5,6.6,512,PV6.0.1,4401.4,2048,8.26,2500,MAPSHIM,0.0258161711324048,10.3350102219585,70.5324648269281,2732.10401593577,pass
compMRS032,S03,DP04,sub-08,Mouse,C57BL-6J,109,F,20,Bruker,9.4,"Volume Tx + Rx array",FALSE,PRESS,Lhippocampus,2.2 x 1.2 x 2.5,6.6,512,PV6.0.1,4401.4,2048,8.26,2500,MAPSHIM,0.0218793183975789,8.75898294260935,78.4703089190722,3586.50610101984,pass
compMRS033,S04,DP05,sub-01,Mouse,C57BL-6J,93,F,24.5,Bruker,7,"2-channel phased-array cooled surface coil for transmission/reception",FALSE,PRESS,Rhippocampus,1.2 x 2.0 x 2.2,5.28,256,PV7.0.0,4006.4,2048,20,4000,MAPSHIM,0.0331435249899176,9.95395498216046,54.0680383745631,1631.33035460201,pass
compMRS034,S04,DP05,sub-02,Mouse,C57BL-6J,93,M,28.2,Bruker,7,"2-channel phased-array cooled surface coil for transmission/reception",FALSE,PRESS,Rhippocampus,1.2 x 2.0 x 2.2,5.28,256,PV7.0.0,4006.4,2048,20,4000,MAPSHIM,0.0224774147437856,6.75061678695214,66.9058952633809,2976.58320701132,pass
compMRS035,S04,DP05,sub-03,Mouse,C57BL-6J,99,M,27.5,Bruker,7,"2-channel phased-array cooled surface coil for transmission/reception",FALSE,PRESS,Rhippocampus,1.2 x 2.0 x 2.2,5.28,256,PV7.0.0,4006.4,2048,20,4000,MAPSHIM,0.0278344414747701,8.35948712060501,55.1790775413284,1982.40290150403,pass
compMRS036,S04,DP05,sub-04,Mouse,C57BL-6J,99,M,27.1,Bruker,7,"2-channel phased-array cooled surface coil for transmission/reception",FALSE,PRESS,Rhippocampus,1.2 x 2.0 x 2.2,5.28,256,PV7.0.0,4006.4,2048,20,4000,MAPSHIM,0.0268687119868606,8.06945273012953,62.1586281292673,2313.42046316415,pass
compMRS037,S04,DP05,sub-05,Mouse,C57BL-6J,122,F,24.1,Bruker,7,"2-channel phased-array cooled surface coil for transmission/reception",FALSE,PRESS,Rhippocampus,1.2 x 2.0 x 2.2,5.28,256,PV7.0.0,4006.4,2048,20,4000,MAPSHIM,0.0197377338985121,5.9278141674348,65.6100641504157,3324.09305383135,pass
compMRS038,S04,DP05,sub-06,Mouse,C57BL-6J,122,M,30.4,Bruker,7,"2-channel phased-array cooled surface coil for transmission/reception",FALSE,PRESS,Rhippocampus,1.2 x 2.0 x 2.2,5.28,256,PV7.0.0,4006.4,2048,20,4000,MAPSHIM,0.0213146256550585,6.40140206305257,60.7184279616216,2848.67437712712,pass
compMRS039,S04,DP05,sub-07,Mouse,C57BL-6J,65,M,24.1,Bruker,7,"2-channel phased-array cooled surface coil for transmission/reception",FALSE,PRESS,Rhippocampus,1.2 x 2.0 x 2.2,5.28,256,PV7.0.0,4006.4,2048,20,4000,MAPSHIM,0.0267939751850024,8.04700796220402,53.2617185418464,1987.82443344424,pass
compMRS040,S04,DP05,sub-08,Mouse,C57BL-6J,65,M,25,Bruker,7,"2-channel phased-array cooled surface coil for transmission/reception",FALSE,PRESS,Rhippocampus,1.2 x 2.0 x 2.2,5.28,256,PV7.0.0,4006.4,2048,20,4000,MAPSHIM,0.0253624851047997,7.61709122445822,57.5901562537118,2270.68270383383,pass
compMRS041,S05,DP06,sub-01,Mouse,C57BL-6J,144,M,27.7,Bruker,7,"cryoprobe",TRUE,sLASER,Rhippocampus,3.1 x 0.9 x 1.4,3.906,256,PV360 v3.5,6060.6,2048,20.7,4000,MAPSHIM,0.0250563483247814,7.52470544681209,124.656277213849,4975.03768697853,pass
compMRS042,S05,DP06,sub-02,Mouse,C57BL-6J,144,M,27.2,Bruker,7,"cryoprobe",TRUE,sLASER,Rhippocampus,3.1 x 0.9 x 1.4,3.906,256,PV360 v3.5,6060.6,2048,20.7,4000,MAPSHIM,0.0333897824209846,10.0273332699556,98.08354604463,2937.53175171897,pass
compMRS043,S05,DP06,sub-03,Mouse,C57BL-6J,146,M,29.5,Bruker,7,"cryoprobe",TRUE,sLASER,Rhippocampus,3.1 x 0.9 x 1.4,3.906,256,PV360 v3.5,6060.6,2048,20.7,4000,MAPSHIM,0.0207773041587694,6.23966066768402,110.104972052137,5299.29057257725,pass
compMRS044,S05,DP06,sub-04,Mouse,C57BL-6J,146,M,29,Bruker,7,"cryoprobe",TRUE,sLASER,Rhippocampus,3.1 x 0.9 x 1.4,3.906,256,PV360 v3.5,6060.6,2048,20.7,4000,MAPSHIM,0.0218770649494815,6.56993177314716,113.831193778807,5203.22054359968,pass
compMRS045,S05,DP06,sub-05,Mouse,C57BL-6J,146,M,30,Bruker,7,"cryoprobe",TRUE,sLASER,Rhippocampus,3.1 x 0.9 x 1.4,3.906,256,PV360 v3.5,6060.6,2048,20.7,4000,MAPSHIM,0.0181652047040387,5.45521500387914,119.254053282842,6564.97161611,pass
compMRS046,S05,DP06,sub-06,Mouse,C57BL-6J,147,M,29.5,Bruker,7,"cryoprobe",TRUE,sLASER,Rhippocampus,3.1 x 0.9 x 1.4,3.906,256,PV360 v3.5,6060.6,2048,20.7,4000,MAPSHIM,0.0422870267636433,12.6992723437815,90.052846526233,2129.56202926182,pass
compMRS047,S05,DP06,sub-07,Mouse,C57BL-6J,93,M,20,Bruker,7,"cryoprobe",TRUE,sLASER,Rhippocampus,3.1 x 0.9 x 1.4,3.906,256,PV360 v3.5,6060.6,2048,20.7,4000,MAPSHIM,0.0225132227286886,6.76097235759748,101.125193758848,4491.81332133246,pass
compMRS048,S05,DP06,sub-08,Mouse,C57BL-6J,93,M,22.8,Bruker,7,"cryoprobe",TRUE,sLASER,Rhippocampus,3.1 x 0.9 x 1.4,3.906,256,PV360 v3.5,6060.6,2048,20.7,4000,MAPSHIM,0.0210807762747671,6.33079561402771,127.073690598304,6027.94171059091,pass
compMRS049,S05,DP07,sub-01,Mouse,C57BL-6J,144,M,27.7,Bruker,7,"cryoprobe",TRUE,sLASER,Rstriatum,1.3 x 1.3 x1.4,2.366,256,PV360 v3.5,6060.6,2048,20.7,4000,MAPSHIM,0.0250791358287268,7.53154945227195,46.4981850365533,1854.05850321573,pass
compMRS050,S05,DP07,sub-02,Mouse,C57BL-6J,144,M,27.2,Bruker,7,"cryoprobe",TRUE,sLASER,Rstriatum,1.3 x 1.3 x1.4,2.366,256,PV360 v3.5,6060.6,2048,20.7,4000,MAPSHIM,0.02399111571407,7.20480452077811,50.827948788441,2118.61546558387,pass
compMRS051,S05,DP07,sub-03,Mouse,C57BL-6J,146,M,29.5,Bruker,7,"cryoprobe",TRUE,sLASER,Rstriatum,1.3 x 1.3 x1.4,2.366,256,PV360 v3.5,6060.6,2048,20.7,4000,MAPSHIM,0.0244085311650832,7.33015959294313,47.3739535703266,1940.876870055,pass
compMRS052,S05,DP07,sub-04,Mouse,C57BL-6J,146,M,29,Bruker,7,"cryoprobe",TRUE,sLASER,Rstriatum,1.3 x 1.3 x1.4,2.366,256,PV360 v3.5,6060.6,2048,20.7,4000,MAPSHIM,0.0226711688879227,6.80840915338999,45.6679112073289,2014.360681317,pass
compMRS053,S05,DP07,sub-05,Mouse,C57BL-6J,146,M,30,Bruker,7,"cryoprobe",TRUE,sLASER,Rstriatum,1.3 x 1.3 x1.4,2.366,256,PV360 v3.5,6060.6,2048,20.7,4000,MAPSHIM,0.0365853306012186,10.986984142883,40.2359870884283,1099.78470679962,pass
compMRS054,S05,DP07,sub-06,Mouse,C57BL-6J,147,M,29.5,Bruker,7,"cryoprobe",TRUE,sLASER,Rstriatum,1.3 x 1.3 x1.4,2.366,256,PV360 v3.5,6060.6,2048,20.7,4000,MAPSHIM,0.036491672975188,10.9588600553427,36.9770268677974,1013.30040124331,pass
compMRS055,S05,DP07,sub-07,Mouse,C57BL-6J,100,M,20,Bruker,7,"cryoprobe",TRUE,sLASER,Rstriatum,1.3 x 1.3 x1.4,2.366,256,PV360 v3.5,6060.6,2048,20.7,4000,MAPSHIM,0.0348897909429332,10.4777998983833,40.2032519994104,1152.29271694887,pass
compMRS056,S05,DP07,sub-08,Mouse,C57BL-6J,100,M,22.8,Bruker,7,"cryoprobe",TRUE,sLASER,Rstriatum,1.3 x 1.3 x1.4,2.366,256,PV360 v3.5,6060.6,2048,20.7,4000,MAPSHIM,0.0269574885032988,8.0956396702316,46.0900916936987,1709.73240656519,pass
compMRS057,S05,DP08,sub-01,Rat,Wistar,104,M,505,Bruker,7,"Tx:  70mm volume coil.  Rx:  4ch array, 33mm diameter elements",FALSE,sLASER,Rhippocampus,3.8 x 2.3 x 1.8,15.732,256,PV360 v3.3,6060.6,2048,20.7,4000,MAPSHIM,0.0323388506162308,9.71173739279353,58.1554865931975,1798.31643626844,pass
compMRS058,S05,DP08,sub-02,Rat,Wistar,104,M,570,Bruker,7,"Tx:  70mm volume coil.  Rx:  4ch array, 33mm diameter elements",FALSE,sLASER,Rhippocampus,3.8 x 2.5 x 1.8,17.1,256,PV360 v3.3,6060.6,2048,20.7,4000,MAPSHIM,0.0186634624852961,5.60485742109701,66.6377468950485,3570.49218212047,pass
compMRS059,S05,DP08,sub-03,Rat,Wistar,100,M,548,Bruker,7,"Tx:  70mm volume coil.  Rx:  4ch array, 33mm diameter elements",FALSE,sLASER,Rhippocampus,3.8 x 2.3 x 1.8,15.732,256,PV360 v3.3,6060.6,2048,20.7,4000,MAPSHIM,0.0436924723762954,13.1213650526369,41.056464785494,939.669067749263,pass
compMRS060,S05,DP08,sub-04,Rat,Wistar,100,M,549,Bruker,7,"Tx:  70mm volume coil.  Rx:  4ch array, 33mm diameter elements",FALSE,sLASER,Rhippocampus,3.8 x 2.3 x 1.8,15.732,256,PV360 v3.3,6060.6,2048,20.7,4000,MAPSHIM,0.0330138460316087,9.914446459151,59.8065904271634,1811.56083329104,pass
compMRS061,S05,DP08,sub-05,Rat,Wistar,102,M,511,Bruker,7,"Tx:  70mm volume coil.  Rx:  4ch array, 33mm diameter elements",FALSE,sLASER,Rhippocampus,3.8 x 2.5 x 1.8,17.1,256,PV360 v3.3,6060.6,2048,20.7,4000,MAPSHIM,0.0364766115126672,10.9543594750898,61.7422676608591,1692.65359638512,pass
compMRS062,S05,DP08,sub-06,Rat,Wistar,104,M,488,Bruker,7,"Tx:  70mm volume coil.  Rx:  4ch array, 33mm diameter elements",FALSE,sLASER,Rhippocampus,3.8 x 2.5 x 1.8,17.1,256,PV360 v3.3,6060.6,2048,20.7,4000,MAPSHIM,0.0173737842346419,5.21755208643932,120.029471644102,6908.65444298386,pass
compMRS063,S05,DP08,sub-07,Rat,Wistar,94,M,488,Bruker,7,"Tx:  70mm volume coil.  Rx:  4ch array, 33mm diameter elements",FALSE,sLASER,Rhippocampus,3.8 x 2.5 x 1.8,17.1,256,PV360 v3.3,6060.6,2048,20.7,4000,MAPSHIM,0.0162719824511635,4.88666890975547,98.6909247575538,6065.08303789973,pass
compMRS064,S05,DP08,sub-08,Rat,Wistar,97,M,518,Bruker,7,"Tx:  70mm volume coil.  Rx:  4ch array, 33mm diameter elements",FALSE,sLASER,Rhippocampus,3.8 x 2.5 x 1.8,17.1,256,PV360 v3.3,6060.6,2048,20.7,4000,MAPSHIM,0.0118241233154589,3.55092247588862,126.323511561436,10683.541450915,pass
compMRS065,S03,DP09,sub-01,Rat,Fischer-344,558,M,500,Bruker,9.4,"Volume Tx + Rx array",FALSE,PRESS,Rhippocampus,3 x 2 x 2,12,256,PV7.0.0,4401.4,2048,8.61,2500,MAPSHIM,0.0241575497470602,9.67074167699114,53.851809414255,2229.1917010668,pass
compMRS066,S03,DP09,sub-02,Rat,Fischer-344,547,M,505,Bruker,9.4,"Volume Tx + Rx array",FALSE,PRESS,Rhippocampus,3 x 2 x 2,12,256,PV7.0.0,4401.4,2048,8.61,2500,MAPSHIM,0.0189195997636092,7.57388904779394,54.086273554692,2858.74300886238,pass
compMRS067,S03,DP09,sub-03,Rat,Fischer-344,539,F,325,Bruker,9.4,"Volume Tx + Rx array",FALSE,PRESS,Rhippocampus,3 x 2 x 2,12,256,PV7.0.0,4401.4,2048,8.61,2500,MAPSHIM,0.0179401016535796,7.18177132094828,58.3117856731528,3250.35982510823,pass
compMRS068,S03,DP09,sub-04,Rat,Fischer-344,531,F,307,Bruker,9.4,"Volume Tx + Rx array",FALSE,PRESS,Rhippocampus,3 x 2 x 2,12,256,PV7.0.0,4401.4,2048,8.61,2500,MAPSHIM,0.0183370322022506,7.34067145746142,53.8875678450902,2938.72897482703,pass
compMRS069,S03,DP09,sub-05,Rat,Fischer-344,532,F,305,Bruker,9.4,"Volume Tx + Rx array",FALSE,PRESS,Rhippocampus,3 x 2 x 2,12,256,PV7.0.0,4401.4,2048,8.61,2500,MAPSHIM,0.0221808467883554,8.87942379551438,54.873966457555,2473.93469605331,pass
compMRS070,S03,DP09,sub-06,Rat,Fischer-344,532,F,308,Bruker,9.4,"Volume Tx + Rx array",FALSE,PRESS,Rhippocampus,3 x 2 x 2,12,256,PV7.0.0,4401.4,2048,8.61,2500,MAPSHIM,0.0224015465034382,8.96777561828853,49.862331514254,2225.84326964217,pass
compMRS071,S03,DP09,sub-07,Rat,Fischer-344,561,M,518,Bruker,9.4,"Volume Tx + Rx array",FALSE,PRESS,Rhippocampus,3 x 2 x 2,12,256,PV7.0.0,4401.4,2048,8.61,2500,MAPSHIM,0.0281454905276824,11.2671767223193,34.8435560971237,1237.98006159649,pass
compMRS072,S03,DP09,sub-08,Rat,Fischer-344,561,M,514,Bruker,9.4,"Volume Tx + Rx array",FALSE,PRESS,Rhippocampus,3 x 2 x 2,12,256,PV7.0.0,4401.4,2048,8.61,2500,MAPSHIM,0.016429061594455,6.57686465426585,43.5219044755767,2649.08036441143,pass
compMRS073,S06,DP10,sub-01,Mouse,C57BL-6J,159,F,NaN,Bruker,9.4,"Homemade loop surface",FALSE,PRESS,Rhippocampus,2 x 1 x 2,4,256,PV360 v3.5,6060.6,2048,16.5,2500,MAPSHIM,0.0376200302952325,15.0600090913724,35.3437706598165,939.493413015553,pass
compMRS074,S06,DP10,sub-02,Mouse,C57BL-6J,159,F,NaN,Bruker,9.4,"Homemade loop surface",FALSE,PRESS,Rhippocampus,2 x 1 x 2,4,256,PV360 v3.5,6060.6,2048,16.5,2500,MAPSHIM,0.0345669573831571,13.8378103765194,34.4291205003447,996.012467013381,pass
compMRS075,S06,DP10,sub-03,Mouse,C57BL-6J,159,F,NaN,Bruker,9.4,"Homemade loop surface",FALSE,PRESS,Rhippocampus,2 x 1 x 2,4,256,PV360 v3.5,6060.6,2048,16.5,2500,MAPSHIM,0.0271009313812474,10.8490135689903,44.1977049536666,1630.85557215385,pass
compMRS076,S06,DP10,sub-04,Mouse,C57BL-6J,159,F,NaN,Bruker,9.4,"Homemade loop surface",FALSE,PRESS,Rhippocampus,2 x 1 x 2,4,256,PV360 v3.5,6060.6,2048,16.5,2500,MAPSHIM,0.0378834581329289,15.1654651335476,31.4788317775881,830.938708581786,pass
compMRS077,S06,DP10,sub-05,Mouse,C57BL-6J,160,F,NaN,Bruker,9.4,"Homemade loop surface",FALSE,PRESS,Rhippocampus,2 x 1 x 2,4,256,PV360 v3.5,6060.6,2048,16.5,2500,MAPSHIM,0.0180882909438319,7.24108298700018,55.0094759778528,3041.16492534697,pass
compMRS078,S06,DP10,sub-06,Mouse,C57BL-6J,160,F,NaN,Bruker,9.4,"Homemade loop surface",FALSE,PRESS,Rhippocampus,2 x 1 x 2,4,256,PV360 v3.5,6060.6,2048,16.5,2500,MAPSHIM,0.0417374003421481,16.7082667827748,32.1790029315378,770.987236093911,pass
compMRS079,S06,DP10,sub-07,Mouse,C57BL-6J,160,F,NaN,Bruker,9.4,"Homemade loop surface",FALSE,PRESS,Rhippocampus,2 x 1 x 2,4,256,PV360 v3.5,6060.6,2048,16.5,2500,MAPSHIM,0.0423430915096038,16.950737192745,32.5290111292352,768.224755668994,pass
compMRS080,S06,DP10,sub-08,Mouse,C57BL-6J,160,F,NaN,Bruker,9.4,"Homemade loop surface",FALSE,PRESS,Rhippocampus,2 x 1 x 2,4,256,PV360 v3.5,6060.6,2048,16.5,2500,MAPSHIM,0.0303480191309024,12.1488815571636,35.2188863625996,1160.50033482209,pass
compMRS081,S07,DP11,sub-01,Rat,Sprague Dawley,193,,407,Varian,9.4,"quad Tx/Rx - 2 loops",FALSE,SPECIAL,Lhippocampus,3 x 2.5 x 3,22.5,320,VNMRJ 1.1D,5000,2048,3,4000,FASTMAP-FASTESTMAP,0.0220613178639423,8.83239977759771,84.2173698060852,3817.42243711254,pass
compMRS082,S07,DP11,sub-02,Rat,Sprague Dawley,175,,409,Varian,9.4,"quad Tx/Rx - 2 loops",FALSE,SPECIAL,Lhippocampus,3 x 2.5 x 3,22.5,320,VNMRJ 1.1D,5000,2048,3,4000,FASTMAP-FASTESTMAP,0.0253983263104093,10.1683963602266,79.4072056309124,3126.47395188272,pass
compMRS083,S07,DP11,sub-03,Rat,Sprague Dawley,165,,523,Varian,9.4,"quad Tx/Rx - 2 loops",FALSE,SPECIAL,Lhippocampus,3 x 2.5 x 3,22.5,320,VNMRJ 1.1D,5000,2048,3,4000,FASTMAP-FASTESTMAP,0.0200553129994544,8.0292892483872,66.3236669077568,3307.03723794095,pass
compMRS084,S07,DP11,sub-04,Rat,Sprague Dawley,202,,473,Varian,9.4,"quad Tx/Rx - 2 loops",FALSE,SPECIAL,Lhippocampus,3 x 2.5 x 3,22.5,320,VNMRJ 1.1D,5000,2048,3,4000,FASTMAP-FASTESTMAP,0.0241521904067429,9.66949432600429,123.781936466974,5125.08117824443,pass
compMRS085,S07,DP11,sub-05,Rat,Sprague Dawley,224,,428,Varian,9.4,"quad Tx/Rx - 2 loops",FALSE,SPECIAL,Lhippocampus,3 x 2.5 x 3,22.5,320,VNMRJ 1.1D,5000,2048,3,4000,FASTMAP-FASTESTMAP,0.0253075572165695,10.1320468858194,122.477053793765,4839.54467614821,pass
compMRS086,S07,DP11,sub-06,Rat,Sprague Dawley,234,,500,Varian,9.4,"quad Tx/Rx - 2 loops",FALSE,SPECIAL,Lhippocampus,3 x 2.5 x 3,22.5,320,VNMRJ 1.1D,5000,2048,3,4000,FASTMAP-FASTESTMAP,0.0203343210746434,8.14097015465807,168.158035108239,8269.66558120936,pass
compMRS087,S07,DP11,sub-07,Rat,Sprague Dawley,185,,487,Varian,9.4,"quad Tx/Rx - 2 loops",FALSE,SPECIAL,Lhippocampus,3 x 2.5 x 3,22.5,320,VNMRJ 1.1D,5000,2048,3,4000,FASTMAP-FASTESTMAP,0.0268597221204304,10.7534701596099,116.935740424056,4353.57223353813,pass
compMRS088,S07,DP11,sub-08,Rat,Sprague Dawley,242,,478,Varian,9.4,"quad Tx/Rx - 2 loops",FALSE,SPECIAL,Lhippocampus,3 x 2.5 x 3,22.5,320,VNMRJ 1.1D,5000,2048,3,4000,FASTMAP-FASTESTMAP,0.0319005107470277,12.7715992250509,122.882642419096,3852.05877716379,pass
compMRS089,S07,DP12,sub-01,Mouse,C57BL-6,NaN,,46,Varian,9.4,"quad Tx/Rx - 2 loops",FALSE,SPECIAL,Lhippocampus,2.2 x 1.2 x 2.2,5.808,480,VNMRJ 1.1D,4159.733777,2048,3,4000,FASTMAP-FASTESTMAP,0.0254842808319866,10.2028216966233,60.7832558865314,2385.12737664699,pass
compMRS090,S07,DP12,sub-02,Mouse,C57BL-6,NaN,,47,Varian,9.4,"quad Tx/Rx - 2 loops",FALSE,SPECIAL,Lhippocampus,2.2 x 1.2 x 2.2,5.808,480,VNMRJ 1.1D,4159.733777,2048,3,4000,FASTMAP-FASTESTMAP,0.0226815601737178,9.08070931534279,97.8997839602128,4316.27203818431,pass
compMRS091,S07,DP12,sub-03,Mouse,C57BL-6,NaN,,45,Varian,9.4,"quad Tx/Rx - 2 loops",FALSE,SPECIAL,Lhippocampus,2.2 x 1.2 x 2.2,5.808,480,VNMRJ 1.1D,4159.733777,2048,3,4000,FASTMAP-FASTESTMAP,0.0271861699298017,10.8841406589391,90.0642227777391,3312.86911728636,pass
compMRS092,S07,DP12,sub-04,Mouse,C57BL-6,NaN,,35,Varian,9.4,"quad Tx/Rx - 2 loops",FALSE,SPECIAL,Lhippocampus,2.2 x 1.2 x 2.2,5.808,480,VNMRJ 1.1D,4159.733777,2048,3,4000,FASTMAP-FASTESTMAP,0.0195996162965166,7.84683803101317,103.451405227301,5278.23625025185,pass
compMRS093,S07,DP12,sub-05,Mouse,C57BL-6,NaN,,49,Varian,9.4,"quad Tx/Rx - 2 loops",FALSE,SPECIAL,Lhippocampus,2.2 x 1.2 x 2.2,5.808,480,VNMRJ 1.1D,4159.733777,2048,3,4000,FASTMAP-FASTESTMAP,0.0264223174304707,10.5783280512257,89.1865971990553,3375.42675557306,pass
compMRS094,S07,DP12,sub-06,Mouse,C57BL-6,NaN,,50,Varian,9.4,"quad Tx/Rx - 2 loops",FALSE,SPECIAL,Lhippocampus,2.2 x 1.2 x 2.2,5.808,480,VNMRJ 1.1D,4159.733777,2048,3,4000,FASTMAP-FASTESTMAP,0.0213982383431937,8.56694690650531,85.2841773908371,3985.57002791606,pass
compMRS095,S07,DP12,sub-07,Mouse,C57BL-6,NaN,,34,Varian,9.4,"quad Tx/Rx - 2 loops",FALSE,SPECIAL,Lhippocampus,2.2 x 1.2 x 2.2,5.808,480,VNMRJ 1.1D,4159.733777,2048,3,4000,FASTMAP-FASTESTMAP,0.0296009087272773,11.8509670544329,59.2240899734574,2000.75242686325,pass
compMRS096,S07,DP12,sub-08,Mouse,C57BL-6,NaN,,43,Varian,9.4,"quad Tx/Rx - 2 loops",FALSE,SPECIAL,Lhippocampus,2.2 x 1.2 x 2.2,5.808,480,VNMRJ 1.1D,4159.733777,2048,3,4000,FASTMAP-FASTESTMAP,0.0345426455476178,13.8294181717576,62.8244550008096,1818.75053299564,pass
compMRS097,S07,DP13,sub-01,Mouse,C57BL-6,201,,30,Varian,9.4,"quad Tx/Rx - 2 loops",FALSE,SPECIAL,Lhippocampus,2.2 x 1.2 x 2,5.28,480,VNMRJ 1.1D,4159.733777,2048,3,4000,FASTMAP-FASTESTMAP,0.0222760064812345,8.91837405250272,69.3852312417592,3114.79668944296,pass
compMRS098,S07,DP13,sub-02,Mouse,C57BL-6,201,,31,Varian,9.4,"quad Tx/Rx - 2 loops",FALSE,SPECIAL,Lhippocampus,2.2 x 1.2 x 2,5.28,480,VNMRJ 1.1D,4159.733777,2048,3,4000,FASTMAP-FASTESTMAP,0.0295720308568532,11.8393369634648,77.5056857562578,2620.91183833241,pass
compMRS099,S07,DP13,sub-03,Mouse,C57BL-6,201,,33,Varian,9.4,"quad Tx/Rx - 2 loops",FALSE,SPECIAL,Lhippocampus,2.2 x 1.2 x 2,5.28,480,VNMRJ 1.1D,4159.733777,2048,3,4000,FASTMAP-FASTESTMAP,0.0251010704912797,10.0494550083404,72.4637873982827,2886.88035928417,pass
compMRS100,S07,DP13,sub-04,Mouse,C57BL-6,201,,33,Varian,9.4,"quad Tx/Rx - 2 loops",FALSE,SPECIAL,Lhippocampus,2.2 x 1.2 x 2,5.28,480,VNMRJ 1.1D,4159.733777,2048,3,4000,FASTMAP-FASTESTMAP,0.0344709903550668,13.8007701244925,53.6816871726793,1557.30040302683,pass
compMRS101,S07,DP13,sub-05,Mouse,C57BL-6,201,,32,Varian,9.4,"quad Tx/Rx - 2 loops",FALSE,SPECIAL,Lhippocampus,2.2 x 1.2 x 2,5.28,480,VNMRJ 1.1D,4159.733777,2048,3,4000,FASTMAP-FASTESTMAP,0.0256543754044031,10.2709581122754,50.8611571202564,1982.55292980265,pass
compMRS102,S07,DP13,sub-06,Mouse,C57BL-6,201,,35,Varian,9.4,"quad Tx/Rx - 2 loops",FALSE,SPECIAL,Lhippocampus,2.2 x 1.2 x 2,5.28,480,VNMRJ 1.1D,4159.733777,2048,3,4000,FASTMAP-FASTESTMAP,0.0286114454884908,11.4548697638111,53.945774889806,1885.46135886445,pass
compMRS103,S07,DP13,sub-07,Mouse,C57BL-6,201,,37,Varian,9.4,"quad Tx/Rx - 2 loops",FALSE,SPECIAL,Lhippocampus,2.2 x 1.2 x 2,5.28,480,VNMRJ 1.1D,4159.733777,2048,3,4000,FASTMAP-FASTESTMAP,0.0252688789554406,10.1166381598655,58.0050656761356,2295.5140106699,pass
compMRS104,S07,DP13,sub-08,Mouse,C57BL-6,201,,34,Varian,9.4,"quad Tx/Rx - 2 loops",FALSE,SPECIAL,Lhippocampus,2.2 x 1.2 x 2,5.28,480,VNMRJ 1.1D,4159.733777,2048,3,4000,FASTMAP-FASTESTMAP,0.0235251654667512,9.41848573520529,78.323210909626,3329.33730138147,pass
compMRS105,S08,DP14,sub-01,Mouse,C57BL-6,153,M,33.1,Bruker,7,"2-channel phased-array cooled surface coil for transmission/reception",FALSE,STEAM,Lstriatum,2 x 2 x 2,8,256,PV6.0,3301.06,2048,3,2500,MAPSHIM,0.0289571489243319,8.6965120054573,52.3296062627564,1807.13945283423,pass
compMRS106,S08,DP14,sub-02,Mouse,C57BL-6,154,M,34.1,Bruker,7,"2-channel phased-array cooled surface coil for transmission/reception",FALSE,STEAM,Lstriatum,2 x 2 x 2,8,256,PV6.0,3301.06,2048,3,2500,MAPSHIM,0.0260573034007554,7.82563374654283,53.085306200038,2037.2524886247,pass
compMRS107,S08,DP14,sub-03,Mouse,C57BL-6,155,M,35.8,Bruker,7,"2-channel phased-array cooled surface coil for transmission/reception",FALSE,STEAM,Lstriatum,2 x 2 x 2,8,256,PV6.0,3301.06,2048,3,2500,MAPSHIM,0.0248871281977288,7.47420780890386,63.0841361272562,2534.80978705342,pass
compMRS108,S08,DP14,sub-04,Mouse,C57BL-6,155,M,31.7,Bruker,7,"2-channel phased-array cooled surface coil for transmission/reception",FALSE,STEAM,Lstriatum,2 x 2 x 2,8,256,PV6.0,3301.06,2048,3,2500,MAPSHIM,0.0179049684824968,5.37728495602274,82.428192432239,4603.64912190813,pass
compMRS109,S08,DP14,sub-05,Mouse,C57BL-6,155,M,31,Bruker,7,"2-channel phased-array cooled surface coil for transmission/reception",FALSE,STEAM,Lstriatum,2 x 2 x 2,8,256,PV6.0,3301.06,2048,3,2500,MAPSHIM,0.0201241855978464,6.04377481013294,76.9219507009726,3822.36341078092,pass
compMRS110,S08,DP14,sub-06,Mouse,C57BL-6,156,M,34.8,Bruker,7,"2-channel phased-array cooled surface coil for transmission/reception",FALSE,STEAM,Lstriatum,2 x 2 x 2,8,256,PV6.0,3301.06,2048,3,2500,MAPSHIM,0.0271595868174483,8.15662505793256,62.9289146107441,2317.00559488322,pass
compMRS111,S08,DP14,sub-07,Mouse,C57BL-6,156,M,31.8,Bruker,7,"2-channel phased-array cooled surface coil for transmission/reception",FALSE,STEAM,Lstriatum,2 x 2 x 2,8,256,PV6.0,3301.06,2048,3,2500,MAPSHIM,0.0283233056517634,8.506103277957,69.3803929515962,2449.586704484,pass
compMRS112,S08,DP14,sub-08,Mouse,C57BL-6,159,M,32.7,Bruker,7,"2-channel phased-array cooled surface coil for transmission/reception",FALSE,STEAM,Lstriatum,2 x 2 x 2,8,256,PV6.0,3301.06,2048,3,2500,MAPSHIM,0.0186110567390994,5.58934620154733,71.4526147375253,3839.25618728638,pass
compMRS113,S09,DP15,sub-01,Mouse,C57BL-6,137,M,25.6,Bruker,7,"Volume Tx + Rx array",FALSE,sLASER,Rhippocampus,2.6x1.6x2.2,9.152,512,PV6.01,3004.8,2048,32,4000,MAPSHIM,0.040299304181698,12.1100775864122,42.4708299695381,1053.88494496206,pass
compMRS114,S09,DP15,sub-02,Mouse,C57BL-6,142,M,29.2,Bruker,7,"Volume Tx + Rx array",FALSE,sLASER,Rhippocampus,2.6x1.6x2.2,9.152,512,PV6.01,3004.8,2048,32,4000,MAPSHIM,0.037907000325052,11.3911747591417,39.9006443993707,1052.59303182059,pass
compMRS115,S09,DP15,sub-03,Mouse,C57BL-6,142,M,29.2,Bruker,7,"Volume Tx + Rx array",FALSE,sLASER,Rhippocampus,2.6x1.6x2.2,9.152,512,PV6.01,3004.8,2048,32,4000,MAPSHIM,0.0534550056380142,16.0634311024213,21.6142835490353,404.34536094529,pass
compMRS116,S09,DP15,sub-04,Mouse,C57BL-6,56,M,34.5,Bruker,7,"Volume Tx + Rx array",FALSE,sLASER,Rhippocampus,2.6x1.6x2.2,9.152,512,PV6.01,3004.8,2048,32,4000,MAPSHIM,0.0394240690504008,11.847067092454,32.1874805922024,816.442375622188,pass
compMRS117,S09,DP15,sub-05,Mouse,C57BL-6,144,M,29.1,Bruker,7,"Volume Tx + Rx array",FALSE,sLASER,Rhippocampus,2.6x1.6x2.2,9.152,512,PV6.01,3004.8,2048,32,4000,MAPSHIM,0.0309329406014243,9.29545605116024,40.4106189289478,1306.39435317983,pass
compMRS118,S09,DP15,sub-06,Mouse,C57BL-6,144,M,33,Bruker,7,"Volume Tx + Rx array",FALSE,sLASER,Rhippocampus,2.6x1.6x2.2,9.152,512,PV6.01,3004.8,2048,32,4000,MAPSHIM,0.0430818232407176,12.9462398927463,23.422171244523,543.667131115895,pass
compMRS119,S09,DP15,sub-07,Mouse,C57BL-6,147,M,33.6,Bruker,7,"Volume Tx + Rx array",FALSE,sLASER,Rhippocampus,2.6x1.6x2.2,9.152,512,PV6.01,3004.8,2048,32,4000,MAPSHIM,0.041655544993128,12.5176280921079,22.1860373598892,532.607060201691,pass
compMRS120,S09,DP15,sub-08,Mouse,C57BL-6,147,M,33.5,Bruker,7,"Volume Tx + Rx array",FALSE,sLASER,Rhippocampus,2.6x1.6x2.2,9.152,512,PV6.01,3004.8,2048,32,4000,MAPSHIM,0.0280602064634295,8.43218783089806,27.7849807843556,990.191601781953,pass
compMRS121,S09,DP16,sub-01,Mouse,C57BL-6,261,M,31.7,Bruker,7,"Bruker Tx-Rx ""mouse head"" volume coil with inner diameter 23 mm",FALSE,sLASER,Rhippocampus,2.6x1.6x2.2,9.152,512,PV7.0,3004.8,2048,32,4000,MAPSHIM,0.044364119068388,13.3231025700874,14.4723015761007,326.216363133266,pass
compMRS122,S09,DP16,sub-02,Mouse,C57BL-6,262,M,40.9,Bruker,7,"Bruker Tx-Rx ""mouse head"" volume coil with inner diameter 23 mm",FALSE,sLASER,Rhippocampus,2.6x1.6x2.2,9.152,512,PV7.0,3004.8,2048,32,4000,MAPSHIM,NaN,NaN,NaN,NaN,fail
compMRS123,S09,DP16,sub-03,Mouse,C57BL-6,210,M,39,Bruker,7,"Bruker Tx-Rx ""mouse head"" volume coil with inner diameter 23 mm",FALSE,sLASER,Rhippocampus,2.6x1.6x2.2,9.152,512,PV7.0,3004.8,2048,32,4000,MAPSHIM,0.0357110220315347,10.7244691727827,17.0922974522904,478.628067188808,pass
compMRS124,S09,DP16,sub-04,Mouse,C57BL-6,157,M,36.3,Bruker,7,"Bruker Tx-Rx ""mouse head"" volume coil with inner diameter 23 mm",FALSE,sLASER,Rhippocampus,2.6x1.6x2.2,9.152,512,PV7.0,3004.8,2048,32,4000,MAPSHIM,0.0368542238536533,11.0677852439303,16.9677530747735,460.401856301513,pass
compMRS125,S09,DP16,sub-05,Mouse,C57BL-6,84,M,32,Bruker,7,"Bruker Tx-Rx ""mouse head"" volume coil with inner diameter 23 mm",FALSE,sLASER,Rhippocampus,2.6x1.6x2.2,9.152,512,PV7.0,3004.8,2048,32,4000,MAPSHIM,0.0315050810930448,9.46136991473713,20.8938959352034,663.191307887667,pass
compMRS126,S09,DP16,sub-06,Mouse,C57BL-6,158,M,30,Bruker,7,"Bruker Tx-Rx ""mouse head"" volume coil with inner diameter 23 mm",FALSE,sLASER,Rhippocampus,2.6x1.6x2.2,9.152,512,PV7.0,3004.8,2048,32,4000,MAPSHIM,0.0303487770860554,9.11411836838006,20.7693851441667,684.3565750697,pass
compMRS127,S09,DP16,sub-07,Mouse,C57BL-6,158,M,33.3,Bruker,7,"Bruker Tx-Rx ""mouse head"" volume coil with inner diameter 23 mm",FALSE,sLASER,Rhippocampus,2.6x1.6x2.2,9.152,512,PV7.0,3004.8,2048,32,4000,MAPSHIM,0.0343252529961827,10.3083065479694,17.6264612120483,513.512929213035,pass
compMRS128,S09,DP16,sub-08,Mouse,C57BL-6,158,M,33.6,Bruker,7,"Bruker Tx-Rx ""mouse head"" volume coil with inner diameter 23 mm",FALSE,sLASER,Rhippocampus,2.6x1.6x2.2,9.152,512,PV7.0,3004.8,2048,32,4000,MAPSHIM,0.0393413922031645,11.8147136123323,14.9546933912127,380.126186536169,pass
compMRS129,S10,DP17,sub-01,Mouse,BALB-c,70,F,23,Bruker,15.2,"Volume Tx + Rx array",FALSE,PRESS,Lhippocampus,1.2 x 1.0 x 1.2,1.44,128,PV7.0.0,7142.86,4096,16.5,4000,MAPSHIM,NaN,NaN,NaN,NaN,fail
compMRS130,S10,DP17,sub-02,Mouse,BALB-c,68,F,22,Bruker,15.2,"Volume Tx + Rx array",FALSE,PRESS,Rhippocampus,1.2 x 1.0 x 1.2,1.44,128,PV7.0.0,7142.86,4096,16.5,4000,MAPSHIM,0.0325035744259683,21.137834248954,9.10538891976307,280.135003013343,pass
compMRS131,S10,DP17,sub-03,Mouse,BALB-c,68,F,21,Bruker,15.2,"Volume Tx + Rx array",FALSE,PRESS,Rhippocampus,1.2 x 1.0 x 1.2,1.44,128,PV7.0.0,7142.86,4096,16.5,4000,MAPSHIM,0.0189153735008683,12.3011071496565,10.3525862681629,547.310697707748,pass
compMRS132,S10,DP17,sub-04,Mouse,BALB-c,146,F,26,Bruker,15.2,"Volume Tx + Rx array",FALSE,PRESS,Rhippocampus,1.2 x 1.0 x 1.2,1.44,128,PV7.0.0,7142.86,4096,16.5,4000,MAPSHIM,0.057633865041176,37.4806704671957,6.83874106234043,118.658380059268,pass
compMRS133,S10,DP17,sub-05,Mouse,BALB-c,76,F,20,Bruker,15.2,"Volume Tx + Rx array",FALSE,PRESS,Rhippocampus,1.2 x 1.0 x 1.2,1.44,128,PV7.0.0,7142.86,4096,16.5,4000,MAPSHIM,0.0377373476858311,24.5414718560856,7.94059016313743,210.417282879656,pass
compMRS134,S10,DP17,sub-06,Mouse,BALB-c,76,F,20,Bruker,15.2,"Volume Tx + Rx array",FALSE,PRESS,Rhippocampus,1.2 x 1.0 x 1.2,1.44,128,PV7.0.0,7142.86,4096,16.5,4000,MAPSHIM,0.0205739511876311,13.379716036799,11.1110262188716,540.053104896618,pass
compMRS135,S10,DP17,sub-07,Mouse,BALB-c,76,F,22,Bruker,15.2,"Volume Tx + Rx array",FALSE,PRESS,Rhippocampus,1.2 x 1.0 x 1.2,1.44,128,PV7.0.0,7142.86,4096,16.5,4000,MAPSHIM,0.0194415093173747,12.6432609699253,12.2230211328848,628.707418408158,pass
compMRS136,S10,DP17,sub-08,Mouse,BALB-c,68,F,24,Bruker,15.2,"Volume Tx + Rx array",FALSE,PRESS,Rhippocampus,1.2 x 1.0 x 1.2,1.44,128,PV7.0.0,7142.86,4096,16.5,4000,MAPSHIM,0.0333186082133739,21.6678558533857,7.49388294575837,224.915845757038,pass
compMRS137,S11,DP18,sub-01,Mouse,129S6,540,F,24.6,Bruker,9.4,"Volume Tx+ Rx array cryoprobe",TRUE,LASER,Rhippocampus,1.8 x 1.2 x 2.0,4.32,128,PV6.0.1,8000,2048,20.5,4000,MAPSHIM,0.0160250594727916,6.415459697433,56.423021018727,3520.92428203002,pass
compMRS138,S11,DP18,sub-02,Mouse,129S6,540,F,NaN,Bruker,9.4,"Volume Tx+ Rx array cryoprobe",TRUE,LASER,Rhippocampus,1.8 x 1.2 x 2.0,4.32,128,PV6.0.1,8000,2048,20.5,4000,MAPSHIM,0.0153257052549649,6.13552761594932,60.6640478929423,3958.32014799381,pass
compMRS139,S11,DP18,sub-03,Mouse,129S6,540,F,33.4,Bruker,9.4,"Volume Tx+ Rx array cryoprobe",TRUE,LASER,Rhippocampus,1.8 x 1.2 x 2.0,4.32,128,PV6.0.1,8000,2048,20.5,4000,MAPSHIM,0.0152473610130847,6.10416663425313,68.3202761344436,4480.79350097461,pass
compMRS140,S11,DP18,sub-04,Mouse,129S6,540,F,26.1,Bruker,9.4,"Volume Tx+ Rx array cryoprobe",TRUE,LASER,Rhippocampus,1.8 x 1.2 x 2.0,4.32,128,PV6.0.1,8000,2048,20.5,4000,MAPSHIM,0.0148400678464871,5.94111419547394,56.4194384533138,3801.83157091624,pass
compMRS141,S11,DP18,sub-05,Mouse,129S6,540,F,31.8,Bruker,9.4,"Volume Tx+ Rx array cryoprobe",TRUE,LASER,Rhippocampus,1.8 x 1.2 x 2.0,4.32,128,PV6.0.1,8000,2048,20.5,4000,MAPSHIM,0.014574922741331,5.83491009832658,62.2956816901861,4274.16891298713,pass
compMRS142,S11,DP18,sub-06,Mouse,129S6,540,F,22.8,Bruker,9.4,"Volume Tx+ Rx array cryoprobe",TRUE,LASER,Rhippocampus,1.8 x 1.2 x 2.0,4.32,128,PV6.0.1,8000,2048,20.5,4000,MAPSHIM,0.0182131391214114,7.29148464914838,56.2314913009995,3087.41348353803,pass
compMRS143,S11,DP18,sub-07,Mouse,129S6,540,F,31,Bruker,9.4,"Volume Tx+ Rx array cryoprobe",TRUE,LASER,Rhippocampus,1.8 x 1.2 x 2.0,4.32,128,PV6.0.1,8000,2048,20.5,4000,MAPSHIM,0.0196433420618806,7.86407033900895,55.4589283237179,2823.29392569812,pass
compMRS144,S11,DP18,sub-08,Mouse,129S6,540,F,39.7,Bruker,9.4,"Volume Tx+ Rx array cryoprobe",TRUE,LASER,Rhippocampus,1.8 x 1.2 x 2.0,4.32,128,PV6.0.1,8000,2048,20.5,4000,MAPSHIM,0.0181986900413458,7.28571447666893,59.6713882165603,3278.88370432114,pass
compMRS145,S12,DP19,sub-01,Rat,Fischer-344,180,F,235,Bruker,7,"20-mm diameter  loop surface coil",FALSE,PRESS,Lhippocampus,4 x 1.5 x 1.2,7.2,1000,PV6.0.1,4000,2048,16,2500,MAPSHIM,NaN,NaN,NaN,NaN,pass
compMRS146,S12,DP19,sub-02,Rat,Fischer-344,180,F,258,Bruker,7,"20-mm diameter  loop surface coil",FALSE,PRESS,Lhippocampus,4 x 1.5 x 1.2,7.2,1000,PV6.0.1,4000,2048,16,2500,MAPSHIM,NaN,NaN,NaN,NaN,pass
compMRS147,S12,DP19,sub-03,Rat,Fischer-344,180,M,467,Bruker,7,"20-mm diameter  loop surface coil",FALSE,PRESS,Lhippocampus,4 x 1.5 x 1.2,7.2,1000,PV6.0.1,4000,2048,16,2500,MAPSHIM,NaN,NaN,NaN,NaN,pass
compMRS148,S12,DP19,sub-04,Rat,Fischer-344,180,M,446,Bruker,7,"20-mm diameter  loop surface coil",FALSE,PRESS,Lhippocampus,4 x 1.5 x 1.2,7.2,1000,PV6.0.1,4000,2048,16,2500,MAPSHIM,NaN,NaN,NaN,NaN,pass
compMRS149,S12,DP19,sub-05,Rat,Fischer-344,180,M,458,Bruker,7,"20-mm diameter  loop surface coil",FALSE,PRESS,Lhippocampus,4 x 1.5 x 1.2,7.2,1000,PV6.0.1,4000,2048,16,2500,MAPSHIM,NaN,NaN,NaN,NaN,pass
compMRS150,S12,DP19,sub-06,Rat,Fischer-344,180,M,462,Bruker,7,"20-mm diameter  loop surface coil",FALSE,PRESS,Lhippocampus,4 x 1.5 x 1.2,7.2,1000,PV6.0.1,4000,2048,16,2500,MAPSHIM,NaN,NaN,NaN,NaN,pass
compMRS151,S12,DP19,sub-07,Rat,Fischer-344,360,F,269,Bruker,7,"20-mm diameter  loop surface coil",FALSE,PRESS,Lhippocampus,4 x 1.5 x 1.2,7.2,1000,PV6.0.1,4000,2048,16,2500,MAPSHIM,NaN,NaN,NaN,NaN,pass
compMRS152,S12,DP19,sub-08,Rat,Fischer-344,360,M,493,Bruker,7,"20-mm diameter  loop surface coil",FALSE,PRESS,Lhippocampus,4 x 1.5 x 1.2,7.2,1000,PV6.0.1,4000,2048,16,2500,MAPSHIM,NaN,NaN,NaN,NaN,pass
compMRS153,S13,DP20,sub-01,Mouse,C57BL-6J,88,F,32,Bruker,11.7,"cryoprobe",TRUE,STEAM,Rstriatum,1.9 x 2.2 x 1.7,7.106,256,PV6.0.1,10000,4096,2.704,5000,MAPSHIM,0.0170610613829738,8.5355874070505,87.7699918587954,5144.46257994159,pass
compMRS154,S13,DP20,sub-02,Mouse,C57BL-6J,151,F,41,Bruker,11.7,"cryoprobe",TRUE,STEAM,Rstriatum,1.9 x 2.2 x 1.7,7.106,256,PV6.0.1,10000,4096,2.704,5000,MAPSHIM,0.014459006049878,7.23378608726274,82.5975642254019,5712.53403867959,pass
compMRS155,S13,DP20,sub-03,Mouse,C57BL-6J,152,F,43,Bruker,11.7,"cryoprobe",TRUE,STEAM,Rstriatum,1.9 x 2.2 x 1.7,7.106,256,PV6.0.1,10000,4096,2.704,5000,MAPSHIM,0.0157946244079638,7.9019920095306,75.0943845054815,4754.4267318961,pass
compMRS156,S13,DP20,sub-04,Mouse,C57BL-6J,156,F,42.5,Bruker,11.7,"cryoprobe",TRUE,STEAM,Rstriatum,1.9 x 2.2 x 1.7,7.106,256,PV6.0.1,10000,4096,2.704,5000,MAPSHIM,0.0193016168387023,9.6565187066855,68.0784372831786,3527.08469202809,pass
compMRS157,S13,DP20,sub-05,Mouse,C57BL-6J,156,F,41.5,Bruker,11.7,"cryoprobe",TRUE,STEAM,Rstriatum,1.9 x 2.2 x 1.7,7.106,256,PV6.0.1,10000,4096,2.704,5000,MAPSHIM,0.019082427803373,9.54688270942888,70.6424366457816,3701.96273627693,pass
compMRS158,S13,DP20,sub-06,Mouse,C57BL-6J,157,F,45,Bruker,11.7,"cryoprobe",TRUE,STEAM,Rstriatum,1.9 x 2.2 x 1.7,7.106,256,PV6.0.1,10000,4096,2.704,5000,MAPSHIM,0.0209983948313265,10.5054208831955,71.523310065697,3406.13226107144,pass
compMRS159,S13,DP20,sub-07,Mouse,C57BL-6J,157,F,42,Bruker,11.7,"cryoprobe",TRUE,STEAM,Rstriatum,1.9 x 2.2 x 1.7,7.106,256,PV6.0.1,10000,4096,2.704,5000,MAPSHIM,0.0202593333411541,10.135670671777,71.9127445659973,3549.61060934401,pass
compMRS160,S13,DP20,sub-08,Mouse,C57BL-6J,158,F,44,Bruker,11.7,"cryoprobe",TRUE,STEAM,Rstriatum,1.9 x 2.2 x 1.7,7.106,256,PV6.0.1,10000,4096,2.704,5000,MAPSHIM,0.0184459521664061,9.22843995209266,72.9209470502214,3953.22216995801,pass
compMRS161,S01,DP21,sub-01,Mouse,C57BL-6,126,M,41,Bruker,7,"Rx-only surface coil with volume Tx",FALSE,PRESS,Lhippocampus,3.0 x 1.5 x 2.0,9,250,PV6.0.1,4000,2048,8.774,2500,MAPSHIM,0.0275515654392645,8.27435843153417,30.4616706894228,1105.62395289565,pass
compMRS162,S01,DP21,sub-02,Mouse,C57BL-6,124,M,44,Bruker,7,"Rx-only surface coil with volume Tx",FALSE,PRESS,Lhippocampus,3.0 x 1.5 x 2.0,9,250,PV6.0.1,4000,2048,8.774,2500,MAPSHIM,0.0304758979416894,9.15260931003138,32.54639705549,1067.93890430274,pass
compMRS163,S01,DP21,sub-03,Mouse,C57BL-6,82,M,39,Bruker,7,"Rx-only surface coil with volume Tx",FALSE,PRESS,Lhippocampus,3.0 x 1.5 x 2.0,9,250,PV6.0.1,4000,2048,8.774,2500,MAPSHIM,0.029341383802603,8.8118405092693,28.4170022075747,968.495637382096,pass
compMRS164,S01,DP21,sub-04,Mouse,C57BL-6,85,M,38,Bruker,7,"Rx-only surface coil with volume Tx",FALSE,PRESS,Lhippocampus,3.0 x 1.5 x 2.0,9,250,PV6.0.1,4000,2048,8.774,2500,MAPSHIM,0.0273273510488956,8.20699475921172,35.2114333933925,1288.50518041029,pass
compMRS165,S01,DP21,sub-05,Mouse,C57BL-6,132,F,30.58,Bruker,7,"Rx-only surface coil with volume Tx",FALSE,PRESS,Lhippocampus,3.0 x 1.5 x 2.0,9,250,PV6.0.1,4000,2048,8.774,2500,MAPSHIM,0.0220974801167738,6.63636832403607,32.9675912586955,1491.9163218828,pass
compMRS166,S01,DP21,sub-06,Mouse,C57BL-6,126,F,21.32,Bruker,7,"Rx-only surface coil with volume Tx",FALSE,PRESS,Lhippocampus,3.0 x 1.5 x 2.0,9,250,PV6.0.1,4000,2048,8.774,2500,MAPSHIM,0.0333238613200894,10.0078935702967,27.1524868430127,814.806140927124,pass
compMRS167,S01,DP21,sub-07,Mouse,C57BL-6,105,F,17.15,Bruker,7,"Rx-only surface coil with volume Tx",FALSE,PRESS,Lhippocampus,3.0 x 1.5 x 2.0,9,250,PV6.0.1,4000,2048,8.774,2500,MAPSHIM,0.0233701598491521,7.01855106486478,39.5721027998219,1693.27480236545,pass
compMRS168,S01,DP21,sub-08,Mouse,C57BL-6,105,F,16.38,Bruker,7,"Rx-only surface coil with volume Tx",FALSE,PRESS,Lhippocampus,3.0 x 1.5 x 2.0,9,250,PV6.0.1,4000,2048,8.774,2500,MAPSHIM,0.0206824316403907,6.2113780202525,38.6297996064864,1867.75908549584,pass
compMRS169,S02,DP22,sub-01,Rat,Wistar,65,F,224,Bruker,14.1,"homemade quad Tx/Rx - 2 loops",FALSE,sSPECIAL,Lhippocampus,2.8 x 2 x 2,11.2,256,PV360 v1.1,7142.86,4096,9.3,4000,MAPSHIM,0.0108038279874917,6.47602005977815,72.9784825170365,6754.8726804544,pass
compMRS170,S02,DP22,sub-02,Rat,Wistar,65,F,218,Bruker,14.1,"homemade quad Tx/Rx - 2 loops",FALSE,sSPECIAL,Lhippocampus,2.8 x 2 x 2,11.2,256,PV360 v1.1,7142.86,4096,9.3,4000,MAPSHIM,0.0135758380553961,8.13761465732051,56.9390697757199,4194.14768674909,pass
compMRS171,S02,DP22,sub-03,Rat,Wistar,65,M,339,Bruker,14.1,"homemade quad Tx/Rx - 2 loops",FALSE,sSPECIAL,Lhippocampus,2.8 x 2 x 2,11.2,256,PV360 v1.1,7142.86,4096,9.3,4000,MAPSHIM,0.0159140721209546,9.53919686295639,45.908460557827,2884.77142801043,pass
compMRS172,S02,DP22,sub-04,Rat,Wistar,65,M,319,Bruker,14.1,"homemade quad Tx/Rx - 2 loops",FALSE,sSPECIAL,Lhippocampus,2.8 x 2 x 2,11.2,256,PV360 v1.1,7142.86,4096,9.3,4000,MAPSHIM,0.0113795651991913,6.8211262884333,54.37681153203,4778.46126633153,pass
compMRS173,S02,DP22,sub-05,Rat,Wistar,66,F,208,Bruker,14.1,"homemade quad Tx/Rx - 2 loops",FALSE,sSPECIAL,Lhippocampus,2.8 x 2 x 2,11.2,256,PV360 v1.1,7142.86,4096,9.3,4000,MAPSHIM,0.0121240240768754,7.26737037156184,64.1139297739109,5288.1724225703,pass
compMRS174,S02,DP22,sub-06,Rat,Wistar,66,M,347,Bruker,14.1,"homemade quad Tx/Rx - 2 loops",FALSE,sSPECIAL,Lhippocampus,2.8 x 2 x 2,11.2,256,PV360 v1.1,7142.86,4096,9.3,4000,MAPSHIM,0.0126961550183128,7.6103135069138,53.0384219063131,4177.51845576955,pass
compMRS175,S02,DP22,sub-07,Rat,Wistar,64,F,197,Bruker,14.1,"homemade quad Tx/Rx - 2 loops",FALSE,sSPECIAL,Lhippocampus,2.8 x 2 x 2,11.2,256,PV360 v1.1,7142.86,4096,9.3,4000,MAPSHIM,0.0158848249357601,9.52167684452872,50.8887422013294,3203.60736785761,pass
compMRS176,S02,DP22,sub-08,Rat,Wistar,65,M,316,Bruker,14.1,"homemade quad Tx/Rx - 2 loops",FALSE,sSPECIAL,Lhippocampus,2.8 x 2 x 2,11.2,256,PV360 v1.1,7142.86,4096,9.3,4000,MAPSHIM,0.0126000043439438,7.5526820432044,59.3038421947093,4706.65251978375,pass
compMRS177,S02,DP23,sub-01,Rat,Wistar,65,F,224,Bruker,14.1,"homemade quad Tx/Rx - 2 loops",FALSE,sSPECIAL,Lstriatum,2.5 x 2.5 x 2.5,15.625,256,PV360 v1.1,7142.86,4096,9.3,4000,MAPSHIM,0.0148232297261812,8.88532525766731,59.0802541151389,3985.65327573584,pass
compMRS178,S02,DP23,sub-02,Rat,Wistar,65,F,218,Bruker,14.1,"homemade quad Tx/Rx - 2 loops",FALSE,sSPECIAL,Lstriatum,2.5 x 2.5 x 2.5,15.625,256,PV360 v1.1,7142.86,4096,9.3,4000,MAPSHIM,0.0158994992561525,9.53046062827351,55.6450729927465,3499.80034567528,pass
compMRS179,S02,DP23,sub-03,Rat,Wistar,65,M,339,Bruker,14.1,"homemade quad Tx/Rx - 2 loops",FALSE,sSPECIAL,Lstriatum,2.5 x 2.5 x 2.5,15.625,256,PV360 v1.1,7142.86,4096,9.3,4000,MAPSHIM,0.0174331542703475,10.4497624337613,46.2484964288194,2652.90467299338,pass
compMRS180,S02,DP23,sub-04,Rat,Wistar,65,M,319,Bruker,14.1,"homemade quad Tx/Rx - 2 loops",FALSE,sSPECIAL,Lstriatum,2.5 x 2.5 x 2.5,15.625,256,PV360 v1.1,7142.86,4096,9.3,4000,MAPSHIM,0.015157853791048,9.08590370068302,53.0748576761448,3501.47576350748,pass
compMRS181,S02,DP23,sub-05,Rat,Wistar,66,F,208,Bruker,14.1,"homemade quad Tx/Rx - 2 loops",FALSE,sSPECIAL,Lstriatum,2.5 x 2.5 x 2.5,15.625,256,PV360 v1.1,7142.86,4096,9.3,4000,MAPSHIM,0.0147078986750567,8.81619345741632,58.1747995527574,3955.34405274472,pass
compMRS182,S02,DP23,sub-06,Rat,Wistar,66,M,347,Bruker,14.1,"homemade quad Tx/Rx - 2 loops",FALSE,sSPECIAL,Lstriatum,2.5 x 2.5 x 2.5,15.625,256,PV360 v1.1,7142.86,4096,9.3,4000,MAPSHIM,0.0121922144325114,7.30824209799851,48.8311920910607,4005.11263654032,pass
compMRS183,S02,DP23,sub-07,Rat,Wistar,64,F,197,Bruker,14.1,"homemade quad Tx/Rx - 2 loops",FALSE,sSPECIAL,Lstriatum,2.5 x 2.5 x 2.5,15.625,256,PV360 v1.1,7142.86,4096,9.3,4000,MAPSHIM,0.019041030422431,11.4135640302767,55.0702730893997,2892.18975379215,pass
compMRS184,S02,DP23,sub-08,Rat,Wistar,65,M,316,Bruker,14.1,"homemade quad Tx/Rx - 2 loops",FALSE,sSPECIAL,Lstriatum,2.5 x 2.5 x 2.5,15.625,256,PV360 v1.1,7142.86,4096,9.3,4000,MAPSHIM,0.0134909555773504,8.08673428269023,57.4984997480078,4262.00348954825,pass
compMRS185,S14,DP24,sub-01,Mouse,B6129SF2-J,276,M,35.1,Bruker,7,"cryoprobe",TRUE,STEAM,Rhippocampus,2.0 x 1.0 x 2.0,4,128,PV6.0,3311.26,8192,3,3345.8768,MAPSHIM,0.0165327713222203,4.96519695849556,18.4836602905942,1118.00132780836,pass
compMRS186,S14,DP24,sub-02,Mouse,B6129SF2-J,280,M,40,Bruker,7,"cryoprobe",TRUE,STEAM,Rhippocampus,2.0 x 1.0 x 2.0,4,128,PV6.0,3311.26,8192,3,3345.8768,MAPSHIM,0.0225929158496701,6.78519446751097,14.3482485373908,635.077323921441,pass
compMRS187,S14,DP24,sub-03,Mouse,B6129SF2-J,280,M,40.3,Bruker,7,"cryoprobe",TRUE,STEAM,Rhippocampus,2.0 x 1.0 x 2.0,4,128,PV6.0,3311.26,8192,3,3345.8768,MAPSHIM,0.0209387583226906,6.28843926470793,19.5670392016913,934.48899405306,pass
compMRS188,S14,DP24,sub-04,Mouse,B6129SF2-J,297,M,41.2,Bruker,7,"cryoprobe",TRUE,STEAM,Rhippocampus,2.0 x 1.0 x 2.0,4,128,PV6.0,3311.26,8192,3,3345.8768,MAPSHIM,0.0179387255187029,5.38743236797915,18.479906870458,1030.16832779959,pass
compMRS189,S14,DP24,sub-05,Mouse,B6129SF2-J,297,M,37.5,Bruker,7,"cryoprobe",TRUE,STEAM,Rhippocampus,2.0 x 1.0 x 2.0,4,128,PV6.0,3311.26,8192,3,3345.8768,MAPSHIM,0.0219230653096257,6.58403213454939,19.2976175352029,880.242669656691,pass
compMRS190,S14,DP24,sub-06,Mouse,B6129SF2-J,263,M,41.6,Bruker,7,"cryoprobe",TRUE,STEAM,Rhippocampus,2.0 x 1.0 x 2.0,4,128,PV6.0,3311.26,8192,3,3345.8768,MAPSHIM,0.0224531009287222,6.74323893916885,15.1139413359833,673.133808286116,pass
compMRS191,S14,DP24,sub-07,Mouse,B6129SF2-J,263,M,33.9,Bruker,7,"cryoprobe",TRUE,STEAM,Rhippocampus,2.0 x 1.0 x 2.0,4,128,PV6.0,3311.26,8192,3,3345.8768,MAPSHIM,0.0271268576775311,8.14685764394132,16.0114681350247,590.244116195103,pass
compMRS192,S14,DP24,sub-08,Mouse,B6129SF2-J,517,M,40,Bruker,7,"cryoprobe",TRUE,STEAM,Rhippocampus,2.0 x 1.0 x 2.0,4,128,PV6.0,3311.26,8192,3,3345.8768,MAPSHIM,0.0185443998719927,5.5692959078922,21.1962548596054,1143.000313082,pass
compMRS193,S14,DP25,sub-01,Mouse,B6129SF2-J,276,M,35.1,Bruker,7,"cryoprobe",TRUE,PRESS,Rhippocampus,2.0 x 1.0 x 2.0,4,128,PV6.0,3301.06,8192,16.168,3359.7475,MAPSHIM,0.022488960638517,6.75398835772863,24.7168328944505,1099.0651498637,pass
compMRS194,S14,DP25,sub-02,Mouse,B6129SF2-J,280,M,40,Bruker,7,"cryoprobe",TRUE,PRESS,Rhippocampus,2.0 x 1.0 x 2.0,4,128,PV6.0,3301.06,8192,16.168,3359.7475,MAPSHIM,0.0432069085993501,12.9760720696251,16.8483642538878,389.946071127644,pass
compMRS195,S14,DP25,sub-03,Mouse,B6129SF2-J,280,M,40.3,Bruker,7,"cryoprobe",TRUE,PRESS,Rhippocampus,2.0 x 1.0 x 2.0,4,128,PV6.0,3301.06,8192,16.168,3359.7475,MAPSHIM,0.0288313491768925,8.65878494096392,26.5104559073784,919.501052299895,pass
compMRS196,S14,DP25,sub-04,Mouse,B6129SF2-J,297,M,41.2,Bruker,7,"cryoprobe",TRUE,PRESS,Rhippocampus,2.0 x 1.0 x 2.0,4,128,PV6.0,3301.06,8192,16.168,3359.7475,MAPSHIM,0.0215259721116933,6.46476881449261,29.9179576848275,1389.85396476359,pass
compMRS197,S14,DP25,sub-05,Mouse,B6129SF2-J,297,M,37.5,Bruker,7,"cryoprobe",TRUE,PRESS,Rhippocampus,2.0 x 1.0 x 2.0,4,128,PV6.0,3301.06,8192,16.168,3359.7475,MAPSHIM,0.0385430433596987,11.5754175695119,16.3501345805488,424.204555617545,pass
compMRS198,S14,DP25,sub-06,Mouse,B6129SF2-J,263,M,41.6,Bruker,7,"cryoprobe",TRUE,PRESS,Rhippocampus,2.0 x 1.0 x 2.0,4,128,PV6.0,3301.06,8192,16.168,3359.7475,MAPSHIM,0.0451413539893564,13.5571019535568,16.656622658828,368.988104848503,pass
compMRS199,S14,DP25,sub-07,Mouse,B6129SF2-J,263,M,33.9,Bruker,7,"cryoprobe",TRUE,PRESS,Rhippocampus,2.0 x 1.0 x 2.0,4,128,PV6.0,3301.06,8192,16.168,3359.7475,MAPSHIM,0.0546727163075002,16.4195533100565,20.8180778495927,380.776358952131,pass
compMRS200,S14,DP25,sub-08,Mouse,B6129SF2-J,517,M,40,Bruker,7,"cryoprobe",TRUE,PRESS,Rhippocampus,2.0 x 1.0 x 2.0,4,128,PV6.0,3301.06,8192,16.168,3359.7475,MAPSHIM,0.0214718583354477,6.44847682253953,7.32144014294036,340.978411302829,pass
compMRS201,S01,DP26,sub-01,Rat,Fischer-344,405,M,530,Bruker,7,"Volume Tx + Rx surface coil",FALSE,PRESS,Lhippocampus,2.5 x 3.5 x 3.5,30.625,256,PV6.0.1,4000,2048,8.774,2500,MAPSHIM,0.0209300514549141,6.2857705475041,83.5587544872844,3992.28614737427,pass
compMRS202,S01,DP26,sub-02,Rat,Fischer-344,427,F,276,Bruker,7,"Volume Tx + Rx surface coil",FALSE,PRESS,Lhippocampus,2.5 x 3.5 x 3.5,30.625,256,PV6.0.1,4000,2048,8.774,2500,MAPSHIM,0.0210388475742826,6.31844467552022,62.8033557894864,2985.11387411997,pass
compMRS203,S01,DP26,sub-03,Rat,Fischer-344,437,F,327,Bruker,7,"Volume Tx + Rx surface coil",FALSE,PRESS,Lhippocampus,2.5 x 3.5 x 3.5,30.625,256,PV6.0.1,4000,2048,8.774,2500,MAPSHIM,0.027135308755145,8.14933504082576,81.7942597386068,3014.31100256408,pass
compMRS204,S01,DP26,sub-04,Rat,Fischer-344,447,F,281,Bruker,7,"Volume Tx + Rx surface coil | For ses-02 Volume Tx + Rx array",FALSE,PRESS,Lhippocampus,2.5 x 3.5 x 3.5,30.625,256,PV6.0.1,4000,2048,8.774,2500,MAPSHIM,0.0195243708615117,5.86360790680719,74.058635312734,3793.13811635925,pass
compMRS205,S01,DP26,sub-05,Rat,Fischer-344,430,M,539,Bruker,7,"Volume Tx + Rx surface coil",FALSE,PRESS,Lhippocampus,2.5 x 3.5 x 3.5,30.625,256,PV6.0.1,4000,2048,8.774,2500,MAPSHIM,0.0205344828642133,6.16697052412827,85.7545142668765,4176.1224197336,pass
compMRS206,S01,DP26,sub-06,Rat,Fischer-344,455,M,560,Bruker,7,"Volume Tx + Rx surface coil",FALSE,PRESS,Lhippocampus,2.5 x 3.5 x 3.5,30.625,256,PV6.0.1,4000,2048,8.774,2500,MAPSHIM,0.0210380909966054,6.3182168409578,51.218731043774,2434.57122854152,pass
compMRS207,S01,DP26,sub-07,Rat,Fischer-344,451,M,585,Bruker,7,"Volume Tx + Rx surface coil",FALSE,PRESS,Lhippocampus,2.5 x 3.5 x 3.5,30.625,256,PV6.0.1,4000,2048,8.774,2500,MAPSHIM,0.0229459889951943,6.89119659640619,94.1079228053794,4101.27987183681,pass
compMRS208,S01,DP26,sub-08,Rat,Fischer-344,451,M,585,Bruker,7,"Volume Tx + Rx surface coil",FALSE,PRESS,Lhippocampus,2.5 x 3.5 x 3.5,30.625,256,PV6.0.1,4000,2048,8.774,2500,MAPSHIM,0.0211008517222314,6.33705900083282,74.9461561282561,3551.80715521993,pass
compMRS209,S15,DP27,sub-01,Mouse,BALB-c,87,M,NaN,Bruker,7,"Volume Tx + Rx surface coil",FALSE,PRESS,Rhippocampus,2.3 x 1.2 x 2.0,5.52,256,PV360 v3.4,4065,2048,11,2500,MAPSHIM,0.0195462345272844,5.87038171421443,28.9585464537404,1481.54092867951,pass
compMRS210,S15,DP27,sub-02,Mouse,BALB-c,87,M,NaN,Bruker,7,"Volume Tx + Rx surface coil",FALSE,PRESS,Rhippocampus,2.3 x 1.2 x 2.0,5.52,256,PV360 v3.4,4065,2048,11,2500,MAPSHIM,0.0215707212885748,6.47840427903488,29.8898597397099,1385.66807015125,pass
compMRS211,S15,DP27,sub-03,Mouse,BALB-c,87,M,NaN,Bruker,7,"Volume Tx + Rx surface coil",FALSE,PRESS,Rhippocampus,2.3 x 1.2 x 2.0,5.52,256,PV360 v3.4,4065,2048,11,2500,MAPSHIM,0.0210168398878945,6.31205458550396,28.056520927425,1334.95430697863,pass
compMRS212,S15,DP27,sub-04,Mouse,BALB-c,94,M,NaN,Bruker,7,"Volume Tx + Rx surface coil",FALSE,PRESS,Rhippocampus,2.3 x 1.2 x 2.0,5.52,256,PV360 v3.4,4065,2048,11,2500,MAPSHIM,0.0185817632880284,5.58072451416657,28.3833849398546,1527.48608944669,pass
compMRS213,S15,DP27,sub-05,Mouse,BALB-c,90,M,NaN,Bruker,7,"Volume Tx + Rx surface coil",FALSE,PRESS,Rhippocampus,2.3 x 1.2 x 2.0,5.52,256,PV360 v3.4,4065,2048,11,2500,MAPSHIM,0.0156722745161164,4.7069068822599,34.3076146511323,2189.06417290307,pass
compMRS214,S15,DP27,sub-06,Mouse,BALB-c,90,M,NaN,Bruker,7,"Volume Tx + Rx surface coil",FALSE,PRESS,Rhippocampus,2.3 x 1.2 x 2.0,5.52,256,PV360 v3.4,4065,2048,11,2500,MAPSHIM,0.0221483855198443,6.65189616271001,26.6681378319186,1204.06689724742,pass
compMRS215,S15,DP27,sub-07,Mouse,BALB-c,94,M,NaN,Bruker,7,"Volume Tx + Rx surface coil",FALSE,PRESS,Rhippocampus,2.3 x 1.2 x 2.0,5.52,256,PV360 v3.4,4065,2048,11,2500,MAPSHIM,0.0372262531244189,11.1802857745391,22.3855363051213,601.337347336667,pass
compMRS216,S15,DP27,sub-08,Mouse,BALB-c,90,M,NaN,Bruker,7,"Volume Tx + Rx surface coil",FALSE,PRESS,Rhippocampus,2.3 x 1.2 x 2.0,5.52,256,PV360 v3.4,4065,2048,11,2500,Other,0.0169455313144602,5.08930806309001,31.8464356533025,1879.34122939697,pass
compMRS217,S16,DP28,sub-01,Mouse,C57BL-6,73,F,21,Varian,9.4,"quad Tx/Rx - 2 loops",FALSE,STEAM,Lhippocampus,2.0 x 1.2 x 1.6,3.84,320,vnmrj_4.2_A,5000,4096,2,5000,FASTMAP-FASTESTMAP,0.0138244135924217,5.53297478287881,34.8520698547363,2521.05224609375,pass
compMRS218,S16,DP28,sub-02,Mouse,C57BL-6,73,F,23.4,Varian,9.4,"quad Tx/Rx - 2 loops",FALSE,STEAM,Lhippocampus,2.0 x 1.2 x 1.6,3.84,320,vnmrj_4.2_A,5000,4096,2,5000,FASTMAP-FASTESTMAP,0.0153421897399231,6.14044635951567,38.3059463500977,2496.77172851562,pass
compMRS219,S16,DP28,sub-03,Mouse,C57BL-6,73,F,20.3,Varian,9.4,"quad Tx/Rx - 2 loops",FALSE,STEAM,Lhippocampus,2.0 x 1.2 x 1.6,3.84,320,vnmrj_4.2_A,5000,4096,2,5000,FASTMAP-FASTESTMAP,0.0165272519209165,6.61474036465835,32.8312797546387,1986.49353027344,pass
compMRS220,S16,DP28,sub-04,Mouse,C57BL-6,73,F,21.9,Varian,9.4,"quad Tx/Rx - 2 loops",FALSE,STEAM,Lhippocampus,2.0 x 1.2 x 1.6,3.84,320,vnmrj_4.2_A,5000,4096,2,5000,FASTMAP-FASTESTMAP,0.0150494204155722,6.02326443102547,33.3189544677734,2213.96923828125,pass
compMRS221,S16,DP28,sub-05,Mouse,C57BL-6,74,M,21.1,Varian,9.4,"quad Tx/Rx - 2 loops",FALSE,STEAM,Lhippocampus,2.0 x 1.2 x 1.6,3.84,320,vnmrj_4.2_A,5000,4096,2,5000,FASTMAP-FASTESTMAP,0.0116120815707967,4.64753095325988,40.9491081237793,3526.42260742188,pass
compMRS222,S16,DP28,sub-06,Mouse,C57BL-6,74,M,20.8,Varian,9.4,"quad Tx/Rx - 2 loops",FALSE,STEAM,Lhippocampus,2.0 x 1.2 x 1.6,3.84,320,vnmrj_4.2_A,5000,4096,2,5000,FASTMAP-FASTESTMAP,0.0127964559316955,5.12155090220312,32.5306243896484,2542.15893554688,pass
compMRS223,S16,DP28,sub-07,Mouse,C57BL-6,75,M,20.8,Varian,9.4,"quad Tx/Rx - 2 loops",FALSE,STEAM,Lhippocampus,2.0 x 1.2 x 1.6,3.84,320,vnmrj_4.2_A,5000,4096,2,5000,FASTMAP-FASTESTMAP,0.0155180886865105,6.21084363506259,33.8201560974121,2179.40209960938,pass
compMRS224,S16,DP28,sub-08,Mouse,C57BL-6,75,M,22.8,Varian,9.4,"quad Tx/Rx - 2 loops",FALSE,STEAM,Lhippocampus,2.0 x 1.2 x 1.6,3.84,320,vnmrj_4.2_A,5000,4096,2,5000,FASTMAP-FASTESTMAP,0.0128215940996335,5.13161743986579,36.5469093322754,2850.41845703125,pass
compMRS225,S16,DP29,sub-01,Rat,Sprague-Dawley,56,M,NaN,Varian,9.4,"quad Tx/Rx - 2 loops",FALSE,STEAM,Lhippocampus,3.0 x 1.5 x 3.0,13.5,320,vnmr6.1c,5000,4096,2,5000,FASTMAP-FASTESTMAP,0.0132645572034392,5.30896901017331,41.7517710379432,3147.61890635279,pass
compMRS226,S16,DP29,sub-02,Rat,Sprague-Dawley,56,M,NaN,Varian,9.4,"quad Tx/Rx - 2 loops",FALSE,STEAM,Lhippocampus,2.5 x 1.5 x 3.0,11.25,320,vnmr6.1c,5000,4096,2,5000,FASTMAP-FASTESTMAP,0.0129875418758318,5.19809717577621,42.2060536700706,3249.73378900982,pass
compMRS227,S16,DP29,sub-03,Rat,Sprague-Dawley,56,M,NaN,Varian,9.4,"quad Tx/Rx - 2 loops",FALSE,STEAM,Lhippocampus,2.5 x 1.5 x 3.0,11.25,320,vnmr6.1c,5000,4096,2,5000,FASTMAP-FASTESTMAP,0.0157334837679004,6.29711953753298,27.1075548952068,1722.92133739077,pass
compMRS228,S16,DP29,sub-04,Rat,Sprague-Dawley,56,M,NaN,Varian,9.4,"quad Tx/Rx - 2 loops",FALSE,STEAM,Lhippocampus,3.1 x 2.1 x 3.0,19.53,320,vnmr6.1c,5000,4096,2,5000,FASTMAP-FASTESTMAP,0.0136137155498292,5.44872591393948,46.0082123419245,3379.54852762453,pass
compMRS229,S16,DP29,sub-05,Rat,Sprague-Dawley,56,M,NaN,Varian,9.4,"quad Tx/Rx - 2 loops",FALSE,STEAM,Lhippocampus,2.5 x 1.5 x 3.0,11.25,320,vnmr6.1c,5000,4096,2,5000,FASTMAP-FASTESTMAP,0.015205262877535,6.08572216222152,36.6188934293429,2408.30386980323,pass
compMRS230,S16,DP29,sub-06,Rat,Sprague-Dawley,56,M,NaN,Varian,9.4,"quad Tx/Rx - 2 loops",FALSE,STEAM,Lhippocampus,2.5 x 1.5 x 3.0,11.25,320,vnmr6.1c,5000,4096,2,5000,FASTMAP-FASTESTMAP,0.0163531635362597,6.5451448247948,35.649444002027,2179.97232908371,pass
compMRS231,S16,DP29,sub-07,Rat,Sprague-Dawley,56,M,NaN,Varian,9.4,"quad Tx/Rx - 2 loops",FALSE,STEAM,Lhippocampus,2.5 x 1.5 x 3.0,11.25,320,vnmr6.1c,5000,4096,2,5000,FASTMAP-FASTESTMAP,0.0130999472476928,5.24307057701721,29.6520503886361,2263.5244118146,pass
compMRS232,S16,DP29,sub-08,Rat,Sprague-Dawley,56,M,NaN,Varian,9.4,"quad Tx/Rx - 2 loops",FALSE,STEAM,Lhippocampus,2.5 x 1.5 x 3.0,11.25,320,vnmr6.1c,5000,4096,2,5000,FASTMAP-FASTESTMAP,0.0161696796314781,6.47170829341814,25.7720290266806,1593.84908137013,pass
compMRS233,S16,DP30,sub-01,Mouse,C57BL-6,90,F,21,Varian,9.4,"quad Tx/Rx - 2 loops",FALSE,STEAM,Lstriatum,1.6 x 1.8 x 1.8,5.184,240,vnmr6.1c,5000,4096,2,5000,FASTMAP-FASTESTMAP,0.0153244563420505,6.13338534715511,20.346567196015,1327.7186963027,pass
compMRS234,S16,DP30,sub-02,Mouse,C57BL-6,90,F,21,Varian,9.4,"quad Tx/Rx - 2 loops",FALSE,STEAM,Lstriatum,1.6 x 1.8 x 1.8,5.184,240,vnmr6.1c,5000,4096,2,5000,FASTMAP-FASTESTMAP,0.0152149133454042,6.08954096451714,15.0553181169026,989.510605490912,pass
compMRS235,S16,DP30,sub-03,Mouse,C57BL-6,90,F,20,Varian,9.4,"quad Tx/Rx - 2 loops",FALSE,STEAM,Lstriatum,1.6 x 1.8 x 1.8,5.184,240,vnmr6.1c,5000,4096,2,5000,FASTMAP-FASTESTMAP,0.0191004189764311,7.64465809907379,16.5080732985057,864.278072584474,pass
compMRS236,S16,DP30,sub-04,Mouse,C57BL-6,90,M,27,Varian,9.4,"quad Tx/Rx - 2 loops",FALSE,STEAM,Lstriatum,1.6 x 1.8 x 1.8,5.184,240,vnmr6.1c,5000,4096,2,5000,FASTMAP-FASTESTMAP,0.0142427197223004,5.70043592504526,18.9518991284141,1330.63765193247,pass
compMRS237,S16,DP30,sub-05,Mouse,C57BL-6,90,M,21,Varian,9.4,"quad Tx/Rx - 2 loops",FALSE,STEAM,Lstriatum,1.6 x 1.8 x 1.8,5.184,240,vnmr6.1c,5000,4096,2,5000,FASTMAP-FASTESTMAP,0.0132364080980909,5.29767386132145,18.8976347460023,1427.70112601227,pass
compMRS238,S16,DP30,sub-06,Mouse,C57BL-6,90,M,24,Varian,9.4,"quad Tx/Rx - 2 loops",FALSE,STEAM,Lstriatum,1.6 x 1.8 x 1.8,5.184,240,vnmr6.1c,5000,4096,2,5000,FASTMAP-FASTESTMAP,0.0145466521261725,5.82208158299638,17.3257786989435,1191.04922209357,pass
compMRS239,S16,DP30,sub-07,Mouse,C57BL-6,90,M,21,Varian,9.4,"quad Tx/Rx - 2 loops",FALSE,STEAM,Lstriatum,1.6 x 1.8 x 1.8,5.184,240,vnmr6.1c,5000,4096,2,5000,FASTMAP-FASTESTMAP,0.0158989092913863,6.36329905400017,19.5577398238608,1230.13091435504,pass
compMRS240,S16,DP30,sub-08,Mouse,C57BL-6,90,M,22,Varian,9.4,"quad Tx/Rx - 2 loops",FALSE,STEAM,Lstriatum,1.6 x 1.8 x 1.8,5.184,232,vnmr6.1c,5000,4096,2,5000,FASTMAP-FASTESTMAP,0.0168393902586013,6.73970633812555,12.0881587335067,717.850144682776,pass
compMRS241,S16,DP31,sub-01,Rat,Sprague-Dawley,37,,NaN,Varian,9.4,"quad Tx/Rx - 2 loops",FALSE,STEAM,Lstriatum,2.4 x 2.0 x 2.5,12,320,vnmr6.1c,5000,4096,2,5000,FASTMAP-FASTESTMAP,0.013076465276641,5.23367386947862,25.5006386171368,1950.11710562866,pass
compMRS242,S16,DP31,sub-02,Rat,Sprague-Dawley,37,,NaN,Varian,9.4,"quad Tx/Rx - 2 loops",FALSE,STEAM,Lstriatum,2.4 x 2.0 x 2.5,12,320,vnmr6.1c,5000,4096,2,5000,FASTMAP-FASTESTMAP,0.0161361817597064,6.45828216594477,25.8422331280029,1601.50855467762,pass
compMRS243,S16,DP31,sub-03,Rat,Sprague-Dawley,37,,NaN,Varian,9.4,"quad Tx/Rx - 2 loops",FALSE,STEAM,Lstriatum,2.4 x 2.0 x 2.5,12,320,vnmr6.1c,5000,4096,2,5000,FASTMAP-FASTESTMAP,0.0149192675149949,5.97122907207656,24.9573259388484,1672.82515135308,pass
compMRS244,S16,DP31,sub-04,Rat,Sprague-Dawley,37,,NaN,Varian,9.4,"quad Tx/Rx - 2 loops",FALSE,STEAM,Lstriatum,2.4 x 2.0 x 2.5,12,320,vnmr6.1c,5000,4096,2,5000,FASTMAP-FASTESTMAP,0.013917991769105,5.57047877887103,26.1319564817672,1877.56659978594,pass
compMRS245,S16,DP31,sub-05,Rat,Sprague-Dawley,37,,NaN,Varian,9.4,"quad Tx/Rx - 2 loops",FALSE,STEAM,Lstriatum,2.4 x 2.0 x 2.5,12,320,vnmr6.1c,5000,4096,2,5000,FASTMAP-FASTESTMAP,0.0125128689201675,5.00810090544101,24.2380830181508,1937.0524196162,pass
compMRS246,S16,DP31,sub-06,Rat,Sprague-Dawley,37,,NaN,Varian,9.4,"quad Tx/Rx - 2 loops",FALSE,STEAM,Lstriatum,2.4 x 2.0 x 2.5,12,320,vnmr6.1c,5000,4096,2,5000,FASTMAP-FASTESTMAP,0.0118972208852646,4.76169640756249,27.5078020767761,2312.11997676249,pass
compMRS247,S16,DP31,sub-07,Rat,Sprague-Dawley,37,,NaN,Varian,9.4,"quad Tx/Rx - 2 loops",FALSE,STEAM,Lstriatum,2.4 x 2.0 x 2.5,12,320,vnmr6.1c,5000,4096,2,5000,FASTMAP-FASTESTMAP,0.0112895069696998,4.51846284409115,31.3059771319031,2773.0154395516,pass
compMRS248,S16,DP31,sub-08,Rat,Sprague-Dawley,37,,NaN,Varian,9.4,"quad Tx/Rx - 2 loops",FALSE,STEAM,Lstriatum,2.4 x 2.0 x 2.5,12,320,vnmr6.1c,5000,4096,2,5000,FASTMAP-FASTESTMAP,0.0119888257917972,4.79835941585158,30.8573948537812,2573.84629568093,pass
compMRS249,S16,DP32,sub-01,Rat,Gunn rat Nj,29,M,71,Varian,9.4,"quad Tx/Rx - 2 loops",FALSE,LASER,Lhippocampus,2.4 x 1.2 x 1.8,5.184,160,vnmrj_4.2_A,5000,4096,15,5000,FASTMAP-FASTESTMAP,0.00916506580315546,3.66814131416937,59.573860168457,6500.1015625,pass
compMRS250,S16,DP32,sub-02,Rat,Gunn rat Nj,29,M,67.5,Varian,9.4,"quad Tx/Rx - 2 loops",FALSE,LASER,Lhippocampus,2.4 x 1.2 x 1.8,5.184,160,vnmrj_4.2_A,5000,4096,15,5000,FASTMAP-FASTESTMAP,0.00699724248919908,2.80050987686678,82.3621215820312,11770.654296875,pass
compMRS251,S16,DP32,sub-03,Rat,Gunn rat Nj,29,M,65.1,Varian,9.4,"quad Tx/Rx - 2 loops",FALSE,LASER,Lhippocampus,2.4 x 1.2 x 1.8,5.184,160,vnmrj_4.2_A,5000,4096,15,5000,FASTMAP-FASTESTMAP,0.00812158733059221,3.25050923134888,68.0576782226562,8379.849609375,pass
compMRS252,S16,DP32,sub-04,Rat,Gunn rat Nj,29,F,52.2,Varian,9.4,"quad Tx/Rx - 2 loops",FALSE,LASER,Lhippocampus,2.4 x 1.2 x 1.8,5.184,160,vnmrj_4.2_A,5000,4096,15,5000,FASTMAP-FASTESTMAP,0.00777603612999256,3.11220821323702,67.8155364990234,8721.09375,pass
compMRS253,S16,DP32,sub-05,Rat,Gunn rat Nj,29,F,54.5,Varian,9.4,"quad Tx/Rx - 2 loops",FALSE,LASER,Lhippocampus,2.4 x 1.2 x 1.8,5.184,160,vnmrj_4.2_A,5000,4096,15,5000,FASTMAP-FASTESTMAP,0.00910146414208257,3.64268542650056,51.8987731933594,5702.24462890625,pass
compMRS254,S16,DP32,sub-06,Rat,Gunn rat Nj,30,M,92.2,Varian,9.4,"quad Tx/Rx - 2 loops",FALSE,LASER,Lhippocampus,2.4 x 1.2 x 1.8,5.184,160,vnmrj_4.2_A,5000,4096,15,5000,FASTMAP-FASTESTMAP,0.00706063193840212,2.82588015076168,67.2724227905273,9527.8193359375,pass
compMRS255,S16,DP32,sub-07,Rat,Gunn rat Nj,30,M,93,Varian,9.4,"quad Tx/Rx - 2 loops",FALSE,LASER,Lhippocampus,2.4 x 1.2 x 1.8,5.184,160,vnmrj_4.2_A,5000,4096,15,5000,FASTMAP-FASTESTMAP,0.00779887400085078,3.12134712225462,68.9683074951172,8843.3671875,pass
compMRS256,S16,DP32,sub-08,Rat,Gunn rat Nj,30,M,88.4,Varian,9.4,"quad Tx/Rx - 2 loops",FALSE,LASER,Lhippocampus,2.4 x 1.2 x 1.8,5.184,160,vnmrj_4.2_A,5000,4096,15,5000,FASTMAP-FASTESTMAP,0.00838781644030973,3.3570613241233,74.8015060424805,8917.8759765625,pass
compMRS257,S17,DP33,sub-01,Mouse,C57BL/N6 Wild-Type,NaN,,NaN,,NaN,"",FALSE,,,,NaN,NaN,,NaN,NaN,NaN,NaN,,NaN,NaN,NaN,NaN,pass
compMRS258,S17,DP33,sub-02,Mouse,C57BL/N6 Wild-Type,NaN,,NaN,,NaN,"",FALSE,,,,NaN,NaN,,NaN,NaN,NaN,NaN,,NaN,NaN,NaN,NaN,pass
compMRS259,S17,DP33,sub-03,Mouse,C57BL/N6 Wild-Type,NaN,,NaN,,NaN,"",FALSE,,,,NaN,NaN,,NaN,NaN,NaN,NaN,,NaN,NaN,NaN,NaN,pass
compMRS260,S17,DP33,sub-04,Mouse,C57BL/N6 Wild-Type,NaN,,NaN,,NaN,"",FALSE,,,,NaN,NaN,,NaN,NaN,NaN,NaN,,NaN,NaN,NaN,NaN,pass
compMRS261,S17,DP33,sub-05,Mouse,C57BL/N6 Wild-Type,NaN,,NaN,,NaN,"",FALSE,,,,NaN,NaN,,NaN,NaN,NaN,NaN,,NaN,NaN,NaN,NaN,pass
compMRS262,S17,DP33,sub-06,Mouse,C57BL/N6 Wild-Type,NaN,,NaN,,NaN,"",FALSE,,,,NaN,NaN,,NaN,NaN,NaN,NaN,,NaN,NaN,NaN,NaN,pass
compMRS263,S17,DP33,sub-07,Mouse,C57BL/N6 Wild-Type,NaN,,NaN,,NaN,"",FALSE,,,,NaN,NaN,,NaN,NaN,NaN,NaN,,NaN,NaN,NaN,NaN,pass
compMRS264,S17,DP33,sub-08,Mouse,C57BL/N6 Wild-Type,NaN,,NaN,,NaN,"",FALSE,,,,NaN,NaN,,NaN,NaN,NaN,NaN,,NaN,NaN,NaN,NaN,pass
compMRS265,S02,DP34,sub-01,Rat,Wistar,63,F,209,Bruker,9.4,"Cryoprobe",TRUE,STEAM,Rhippocampus,2.8 x 2 x 2.8,15.68,256,PV360.3.5,5000,4096,3,4000,MAPSHIM,0.011204559483396,4.48478368538082,75.652536675647,6751.94208105691,pass
compMRS266,S02,DP34,sub-02,Rat,Wistar,65,F,206,Bruker,9.4,"Cryoprobe",TRUE,STEAM,Rhippocampus,2.8 x 2 x 2.8,15.68,256,PV360.3.5,5000,4096,3,4000,MAPSHIM,0.0112146061117344,4.48880464635232,94.394179923923,8417.07492741574,pass
compMRS267,S02,DP34,sub-03,Rat,Wistar,65,F,204,Bruker,9.4,"Cryoprobe",TRUE,STEAM,Rhippocampus,2.8 x 2 x 2.8,15.68,256,PV360.3.5,5000,4096,3,4000,MAPSHIM,0.0152484748384105,6.1034197029478,70.7226714756873,4638.01607866637,pass
compMRS268,S02,DP34,sub-04,Rat,Wistar,63,M,325,Bruker,9.4,"Cryoprobe",TRUE,STEAM,Rhippocampus,2.8 x 2 x 2.8,15.68,256,PV360.3.5,5000,4096,3,4000,MAPSHIM,0.0128244887673439,5.13318273753764,61.6383524357141,4806.30094141993,pass
compMRS269,S02,DP34,sub-05,Rat,Wistar,63,M,327,Bruker,9.4,"Cryoprobe",TRUE,STEAM,Rhippocampus,2.8 x 2 x 2.8,15.68,256,PV360.3.5,5000,4096,3,4000,MAPSHIM,0.0145148004412819,5.80975321786815,54.2573355936593,3738.06969053081,pass
compMRS270,S02,DP34,sub-06,Rat,Wistar,64,F,212,Bruker,9.4,"Cryoprobe",TRUE,STEAM,Rhippocampus,2.8 x 2 x 2.8,15.68,256,PV360.3.5,5000,4096,3,4000,MAPSHIM,0.00982122644114004,3.93108582293313,73.843990838368,7518.81562663535,pass
compMRS271,S02,DP34,sub-07,Rat,Wistar,57,M,287,Bruker,9.4,"Cryoprobe",TRUE,STEAM,Rhippocampus,2.8 x 2 x 2.8,15.68,256,PV360.3.5,5000,4096,3,4000,MAPSHIM,0.0127727546632971,5.11247518301178,55.6760239470991,4358.96761620935,pass
compMRS272,S02,DP34,sub-08,Rat,Wistar,57,M,290,Bruker,9.4,"Cryoprobe",TRUE,STEAM,Rhippocampus,2.8 x 2 x 2.8,15.68,256,PV360.3.5,5000,4096,3,4000,MAPSHIM,0.0141390482933821,5.6593540844842,62.034193801149,4387.43771956595,pass
compMRS273,S02,DP35,sub-01,Rat,Wistar,63,F,174,Bruker,14.1,"quad Tx/Rx - 2 loops",FALSE,STEAM,Rhippocampus,2.8 x 2 x 2.8,15.68,256,PV360.3.3,7142,4096,3,4000,MAPSHIM,0.0127969485792151,7.67072990105036,48.3183123940717,3775.7682696757,pass
compMRS274,S02,DP35,sub-02,Rat,Wistar,NaN,F,240,Bruker,14.1,"quad Tx/Rx - 2 loops",FALSE,STEAM,Rhippocampus,2.8 x 2 x 2.8,15.68,256,PV360.3.3,7142,4096,3,4000,MAPSHIM,0.0145601939553188,8.72765705115046,35.5624192328384,2442.44131238703,pass
compMRS275,S02,DP35,sub-03,Rat,Wistar,63,F,196,Bruker,14.1,"quad Tx/Rx - 2 loops",FALSE,STEAM,Rhippocampus,2.8 x 2 x 2.8,15.68,256,PV360.3.3,7142,4096,3,4000,MAPSHIM,0.0200315329125994,12.0072748622433,31.7551850106974,1585.25985750817,pass
compMRS276,S02,DP35,sub-04,Rat,Wistar,63,M,308,Bruker,14.1,"quad Tx/Rx - 2 loops",FALSE,STEAM,Rhippocampus,2.8 x 2 x 2.8,15.68,256,PV360.3.3,7142,4096,3,4000,MAPSHIM,0.012055367001037,7.22621020039213,32.8747670043232,2726.98184978485,pass
compMRS277,S02,DP35,sub-05,Rat,Wistar,63,M,273,Bruker,14.1,"quad Tx/Rx - 2 loops",FALSE,STEAM,Rhippocampus,2.8 x 2 x 2.8,15.68,256,PV360.3.3,7142,4096,3,4000,MAPSHIM,0.0131029479725042,7.85415026988309,39.1414088921783,2987.22157596249,pass
compMRS278,S02,DP35,sub-06,Rat,Wistar,63,M,298,Bruker,14.1,"quad Tx/Rx - 2 loops",FALSE,STEAM,Rhippocampus,2.8 x 2 x 2.8,15.68,256,PV360.3.3,7142,4096,3,4000,MAPSHIM,0.0130612957614493,7.82918010089914,33.2272937062569,2543.95079271752,pass
compMRS279,S02,DP35,sub-07,Rat,Wistar,63,F,183,Bruker,14.1,"quad Tx/Rx - 2 loops",FALSE,STEAM,Rhippocampus,2.8 x 2 x 2.8,15.68,256,PV360.3.3,7142,4096,3,4000,MAPSHIM,0.0132109527487921,7.91889656236287,37.4413897681531,2834.11730252206,pass
compMRS280,S02,DP35,sub-08,Rat,Wistar,63,F,203,Bruker,14.1,"quad Tx/Rx - 2 loops",FALSE,STEAM,Rhippocampus,2.8 x 2 x 2.8,15.68,256,PV360.3.3,7142,4096,3,4000,MAPSHIM,0.0120856269025183,7.24435447235387,39.6000832829854,3276.62632666028,pass
compMRS281,S18,DP36,sub-01,Mouse,FVB-N,207,F,NaN,Bruker,7,"Bruker quadrature volume resonator and lab-built quadrature receive coil",FALSE,PRESS,Rstriatum,2.5 x 2.5 x 3,18.75,512,PV5.1,2553,4096,10.48,4000,MAPSHIM,0.0279046801148516,8.38017185577579,22.7535227552852,815.40166959933,pass
compMRS282,S18,DP36,sub-02,Mouse,FVB-N,205,M,NaN,Bruker,7,"Bruker quadrature volume resonator and lab-built quadrature receive coil",FALSE,PRESS,Rstriatum,2.5 x 2.5 x 3,18.75,512,PV5.1,2553,4096,10.48,4000,MAPSHIM,0.0342378292433589,10.2821037603591,20.3990350656268,595.80398396851,pass
compMRS283,S18,DP36,sub-03,Mouse,FVB-N,207,F,NaN,Bruker,7,"Bruker quadrature volume resonator and lab-built quadrature receive coil",FALSE,PRESS,Rstriatum,2.5 x 2.5 x 3,18.75,512,PV5.1,2553,4096,10.48,4000,MAPSHIM,0.0260959653573816,7.83699584480612,25.0194351814607,958.747256091971,pass
compMRS284,S18,DP36,sub-04,Mouse,FVB-N,203,F,NaN,Bruker,7,"Bruker quadrature volume resonator and lab-built quadrature receive coil",FALSE,PRESS,Rstriatum,2.5 x 2.5 x 3,18.75,512,PV5.1,2553,4096,10.48,4000,MAPSHIM,0.0418624945240804,12.5719087046702,20.9767474821946,501.086897010599,pass
compMRS285,S18,DP36,sub-05,Mouse,FVB-N,207,F,NaN,Bruker,7,"Bruker quadrature volume resonator and lab-built quadrature receive coil",FALSE,PRESS,Rstriatum,2.5 x 2.5 x 3,18.75,512,PV5.1,2553,4096,10.48,4000,MAPSHIM,0.0388547086776183,11.6686299577671,20.5001860128766,527.611368366414,pass
compMRS286,S18,DP36,sub-06,Mouse,FVB-N,206,F,NaN,Bruker,7,"Bruker quadrature volume resonator and lab-built quadrature receive coil",FALSE,PRESS,Rstriatum,2.5 x 2.5 x 3,18.75,512,PV5.1,2553,4096,10.48,4000,MAPSHIM,0.0329897733458918,9.90729646203607,20.761596406682,629.334314879962,pass
compMRS287,S18,DP36,sub-07,Mouse,FVB-N,206,F,NaN,Bruker,7,"Bruker quadrature volume resonator and lab-built quadrature receive coil",FALSE,PRESS,Rstriatum,2.5 x 2.5 x 3,18.75,512,PV5.1,2553,4096,10.48,4000,MAPSHIM,0.0318233734298168,9.55701318511173,22.1669943034667,696.563309114722,pass
compMRS288,S18,DP36,sub-08,Mouse,FVB-N,201,M,NaN,Bruker,7,"Bruker quadrature volume resonator and lab-built quadrature receive coil",FALSE,PRESS,Rstriatum,2.5 x 2.5 x 3,18.75,512,PV5.1,2553,4096,10.48,4000,MAPSHIM,0.0306524378199847,9.20536713888558,23.7226102756858,773.92246629791,pass
